"Time (s)","Gyroscope x (rad/s)","Gyroscope y (rad/s)","Gyroscope z (rad/s)","Absolute (rad/s)"
5.730380000E-3,-1.227838174E-1,-4.373791814E-1,1.098029464E-1,4.673682715E-1
7.943140000E-3,-1.521053314E-1,-4.642572403E-1,1.012508348E-1,4.989213851E-1
1.015949400E-2,-1.826485693E-1,-4.886918366E-1,9.025526792E-2,5.294584256E-1
1.236876500E-2,-2.083048970E-1,-5.119046569E-1,8.292489499E-2,5.588504684E-1
1.458152600E-2,-2.290742993E-1,-5.363392830E-1,7.681624591E-2,5.882479041E-1
1.679433800E-2,-2.474002391E-1,-5.632173419E-1,7.315105945E-2,6.194931235E-1
1.900715100E-2,-2.596175373E-1,-5.937605500E-1,7.192932814E-2,6.520173960E-1
2.121991100E-2,-2.657261789E-1,-6.255255342E-1,7.070759684E-2,6.832950756E-1
2.343272300E-2,-2.706131041E-1,-6.597339511E-1,7.192932814E-2,7.166967047E-1
2.564553600E-2,-2.693913579E-1,-6.939423680E-1,7.559451461E-2,7.482260651E-1
2.785913000E-2,-2.632827163E-1,-7.293725610E-1,7.925970852E-2,7.794768905E-1
3.007110900E-2,-2.547306120E-1,-7.648026943E-1,8.659008145E-2,8.107457605E-1
3.228392100E-2,-2.425133139E-1,-8.002328873E-1,9.269873053E-2,8.412956888E-1
3.449668200E-2,-2.278525680E-1,-8.332195878E-1,1.000291109E-1,8.695846694E-1
3.670949400E-2,-2.107483447E-1,-8.625410795E-1,1.073594838E-1,8.943813713E-1
3.892230700E-2,-1.912006736E-1,-8.820887208E-1,1.122464016E-1,9.095259554E-1
4.113511900E-2,-1.692095399E-1,-8.955277801E-1,1.195767820E-1,9.191846822E-1
4.334788000E-2,-1.459966749E-1,-9.040798545E-1,1.269071549E-1,9.245435838E-1
4.556069200E-2,-1.215620935E-1,-9.065233469E-1,1.330158114E-1,9.242592316E-1
4.777350500E-2,-9.468404204E-2,-9.053016305E-1,1.391244531E-1,9.208103624E-1
4.998626500E-2,-6.536252797E-2,-9.053016305E-1,1.476765573E-1,9.195932078E-1
5.219907800E-2,-3.970621154E-2,-9.077450633E-1,1.550069451E-1,9.217401132E-1
5.441189000E-2,-1.160643063E-2,-9.126319885E-1,1.623373181E-1,9.270303450E-1
5.662470300E-2,1.404988952E-2,-9.162971973E-1,1.696676910E-1,9.319791192E-1
5.883746300E-2,3.604102135E-2,-9.224058390E-1,1.745546162E-1,9.394683608E-1
6.105027600E-2,5.803215504E-2,-9.224058390E-1,1.782197952E-1,9.412558410E-1
6.326308800E-2,7.513637096E-2,-9.175189137E-1,1.831067204E-1,9.386237278E-1
6.547584800E-2,9.101885557E-2,-9.101884961E-1,1.867718995E-1,9.336012387E-1
6.768866100E-2,1.044578776E-1,-9.004147053E-1,1.904370934E-1,9.262420721E-1
6.990147300E-2,1.166751757E-1,-8.869756460E-1,1.941022873E-1,9.154313689E-1
7.211428600E-2,1.276707351E-1,-8.747583628E-1,1.953240186E-1,9.053471611E-1
7.432704600E-2,1.398880333E-1,-8.588758707E-1,1.928805560E-1,8.913132626E-1
7.653985900E-2,1.484401375E-1,-8.503237963E-1,1.916588247E-1,8.842048055E-1
7.875267100E-2,1.594357044E-1,-8.405499458E-1,1.928805560E-1,8.770101847E-1
8.096543200E-2,1.692095399E-1,-8.368847370E-1,1.928805560E-1,8.753347019E-1
8.317824400E-2,1.814268380E-1,-8.393282294E-1,1.989891976E-1,8.814671151E-1
8.539105700E-2,1.912006736E-1,-8.564324379E-1,2.063195854E-1,9.014443907E-1
8.760386900E-2,2.009745091E-1,-8.649845123E-1,2.136499584E-1,9.133648037E-1
8.981663000E-2,2.119700760E-1,-8.576541543E-1,2.185368687E-1,9.100880861E-1
9.202944200E-2,2.193004489E-1,-8.466585875E-1,2.197586000E-1,9.017856136E-1
9.424220300E-2,2.290742993E-1,-8.344413042E-1,2.222020626E-1,8.933874195E-1
9.645501500E-2,2.351829410E-1,-8.271108866E-1,2.222020626E-1,8.881425511E-1
9.866782800E-2,2.437350452E-1,-8.234457374E-1,2.209803313E-1,8.867366923E-1
1.008805880E-1,2.498437017E-1,-8.148936033E-1,2.160934210E-1,8.793007600E-1
1.030934010E-1,2.547306120E-1,-8.063415289E-1,2.099847645E-1,8.713024430E-1
1.053062130E-1,2.571740746E-1,-8.038980365E-1,1.965457499E-1,8.666145565E-1
1.075189730E-1,2.571740746E-1,-8.148936033E-1,1.794415265E-1,8.731491000E-1
1.097317860E-1,2.388481349E-1,-8.808670044E-1,1.513417512E-1,9.251375231E-1
1.119445980E-1,2.156352699E-1,-9.309579134E-1,1.232419685E-1,9.635194803E-1
1.141574110E-1,1.899789423E-1,-9.688315392E-1,9.514218569E-2,9.918561313E-1
1.163701710E-1,1.667660922E-1,-9.834923148E-1,6.948586553E-2,9.999481728E-1
1.185829840E-1,1.423314959E-1,-9.920443892E-1,4.627300799E-2,1.003270410E0
1.207957960E-1,1.154534444E-1,-1.012813807E0,2.428187430E-2,1.019662157E0
1.230085570E-1,9.224057943E-2,-1.020144224E0,5.955931731E-3,1.024323209E0
1.252213690E-1,6.780599058E-2,-1.051909208E0,-5.039634649E-3,1.054104375E0
1.274341300E-1,4.337139800E-2,-1.084895849E0,-1.237001177E-2,1.085832906E0
1.296469420E-1,2.138026804E-2,-1.123991251E0,-1.237001177E-2,1.124262632E0
1.318597550E-1,1.832594397E-3,-1.165529966E0,-1.114828233E-2,1.165584722E0
1.340725150E-1,-1.527161989E-2,-1.194851518E0,2.290742937E-3,1.194951304E0
1.362853800E-1,-2.626718581E-2,-1.227838159E0,1.939495653E-2,1.228272231E0
1.384981400E-1,-3.604102135E-2,-1.257159710E0,3.894263133E-2,1.258278991E0
1.407109530E-1,-3.726275265E-2,-1.273042202E0,6.582067907E-2,1.275287153E0
1.429237130E-1,-3.481929377E-2,-1.284037709E0,9.514218569E-2,1.288028438E0
1.451365260E-1,-2.993237413E-2,-1.299920201E0,1.269071549E-1,1.306443226E0
1.473493380E-1,-1.527161989E-2,-1.302363753E0,1.623373181E-1,1.312531132E0
1.495620980E-1,6.108647794E-4,-1.293811560E0,2.002109289E-1,1.309210885E0
1.517749110E-1,1.771507785E-2,-1.302363753E0,2.368628234E-1,1.323846353E0
1.539877230E-1,4.337139800E-2,-1.293811560E0,2.735147178E-1,1.323117429E0
1.562004840E-1,6.902772188E-2,-1.270598769E0,3.126100600E-1,1.310309547E0
1.584132960E-1,9.957095981E-2,-1.252272844E0,3.468184769E-1,1.303220898E0
1.606261090E-1,1.362228394E-1,-1.215620875E0,3.785834610E-1,1.280474995E0
1.628388690E-1,1.802051067E-1,-1.159421325E0,4.079049528E-1,1.242223063E0
1.650516820E-1,2.290742993E-1,-1.099556565E0,4.311178327E-1,1.203063698E0
1.672645460E-1,2.816086709E-1,-1.032361507E0,4.531089365E-1,1.162059135E0
1.694773070E-1,3.390299380E-1,-9.663881063E-1,4.665479660E-1,1.125395164E0
1.716900670E-1,4.025598764E-1,-8.918625712E-1,4.775435328E-1,1.088816388E0
1.739028800E-1,4.685332775E-1,-8.161153197E-1,4.873173833E-1,1.059738590E0
1.761156920E-1,5.369501114E-1,-7.403681278E-1,4.934260249E-1,1.039196627E0
1.783284530E-1,6.065887213E-1,-6.682860851E-1,4.958694875E-1,1.029777994E0
1.805412650E-1,6.725621223E-1,-6.023126841E-1,4.958694875E-1,1.030051905E0
1.827540260E-1,7.336485982E-1,-5.351175666E-1,4.897608459E-1,1.031725139E0
1.849668380E-1,7.898481488E-1,-4.764745235E-1,4.812087417E-1,1.040408537E0
1.871796510E-1,8.436042666E-1,-4.166097939E-1,4.665479660E-1,1.050189927E0
1.893924630E-1,8.900299668E-1,-3.579667509E-1,4.470002949E-1,1.058349092E0
1.916052760E-1,9.315688014E-1,-3.042106628E-1,4.250091612E-1,1.068174773E0
1.938180360E-1,9.633337855E-1,-2.541197538E-1,3.981311321E-1,1.072891994E0
1.960308480E-1,9.950987101E-1,-2.101374865E-1,3.688096106E-1,1.081850144E0
1.982436610E-1,1.015868187E0,-1.710421443E-1,3.394880891E-1,1.084663888E0
2.004627760E-1,1.036637545E0,-1.380554438E-1,3.089448512E-1,1.090469452E0
2.026692340E-1,1.052520037E0,-1.111773923E-1,2.796233594E-1,1.094690853E0
2.048819940E-1,1.067180753E0,-8.429934084E-2,2.539670467E-1,1.100218341E0
2.070948070E-1,1.080619812E0,-6.475166976E-2,2.344193608E-1,1.107648136E0
2.093076190E-1,1.100167513E0,-4.642572254E-2,2.136499584E-1,1.121681866E0
2.115203800E-1,1.112384796E0,-3.054323979E-2,2.026543915E-1,1.131106373E0
2.137331920E-1,1.127045512E0,-1.588248461E-2,1.965457499E-1,1.144165229E0
2.159460050E-1,1.139262795E0,-2.443459118E-3,1.965457499E-1,1.156095117E0
2.181587650E-1,1.149036646E0,6.108647678E-3,1.989891976E-1,1.166155749E0
2.203715780E-1,1.161253929E0,1.588248461E-2,2.124282271E-1,1.180630634E0
2.225843900E-1,1.173471212E0,2.443459071E-2,2.295324355E-1,1.195958559E0
2.247972030E-1,1.184466839E0,3.298669681E-2,2.503018379E-1,1.211074244E0
2.270099630E-1,1.196684122E0,4.153880477E-2,2.747364342E-1,1.228518811E0
2.292227760E-1,1.205236197E0,4.398226365E-2,3.028362095E-1,1.243478387E0
2.314355880E-1,1.212566614E0,4.520399496E-2,3.309359848E-1,1.257728039E0
2.336483480E-1,1.224783897E0,4.153880477E-2,3.602575064E-1,1.277343548E0
2.358718380E-1,1.232114315E0,3.054323979E-2,3.908007443E-1,1.292967052E0
2.380739210E-1,1.239444613E0,1.588248461E-2,4.189005196E-1,1.308416160E0
2.402867340E-1,1.249218464E0,-1.221729559E-3,4.482220411E-1,1.327196768E0
2.424995460E-1,1.257770538E0,-1.466075517E-2,4.702131748E-1,1.342870841E0
2.447123590E-1,1.261435747E0,-2.809977904E-2,4.934260249E-1,1.354798503E0
2.469251190E-1,1.263879180E0,-4.642572254E-2,5.105302334E-1,1.363886743E0
2.491379320E-1,1.260214090E0,-6.597339362E-2,5.239692926E-1,1.366395207E0
2.513506920E-1,1.255327106E0,-8.552107215E-2,5.361865759E-1,1.367719284E0
2.535635050E-1,1.245553255E0,-1.099556610E-1,5.422952175E-1,1.362929661E0
2.557763170E-1,1.232114315E0,-1.331685185E-1,5.422952175E-1,1.352746703E0
2.579891300E-1,1.216231823E0,-1.612683088E-1,5.422952175E-1,1.341384142E0
2.602019420E-1,1.197905779E0,-1.905898154E-1,5.337430835E-1,1.325211082E0
2.624147030E-1,1.178358197E0,-2.247982323E-1,5.227475166E-1,1.308559228E0
2.646275150E-1,1.152701855E0,-2.675587833E-1,5.105302334E-1,1.288778642E0
2.668403280E-1,1.125823736E0,-3.103193045E-1,4.958694875E-1,1.268725228E0
2.690530880E-1,1.091615319E0,-3.579667509E-1,4.799869955E-1,1.245050889E0
2.712659010E-1,1.056185246E0,-4.031707644E-1,4.628827870E-1,1.221611400E0
2.734786610E-1,1.015868187E0,-4.459312856E-1,4.494437575E-1,1.197014025E0
2.756914730E-1,9.682206511E-1,-4.886918366E-1,4.347830117E-1,1.168463610E0
2.779042860E-1,9.205732346E-1,-5.277871490E-1,4.213439822E-1,1.141728999E0
2.801170980E-1,8.692606091E-1,-5.632173419E-1,4.115701318E-1,1.114548229E0
2.823298590E-1,8.167262077E-1,-5.925388336E-1,4.066832364E-1,1.087904050E0
2.845426710E-1,7.629700899E-1,-6.120865345E-1,4.066832364E-1,1.059322679E0
2.867554320E-1,7.079922557E-1,-6.267472506E-1,4.079049528E-1,1.029782307E0
2.889682440E-1,6.554579139E-1,-6.401863098E-1,4.079049528E-1,1.002920754E0
2.911810570E-1,6.029235125E-1,-6.462949514E-1,4.079049528E-1,9.734476753E-1
2.933938170E-1,5.516108871E-1,-6.511818767E-1,4.066832364E-1,9.453590122E-1
2.956066300E-1,5.015199780E-1,-6.524035931E-1,4.054614902E-1,9.173613010E-1
2.978194420E-1,4.502073526E-1,-6.450732350E-1,4.030180275E-1,8.838719757E-1
3.000322030E-1,4.037816226E-1,-6.365211010E-1,4.005745649E-1,8.536150730E-1
3.022450150E-1,3.536907136E-1,-6.230821013E-1,3.908007443E-1,8.161210987E-1
3.044601190E-1,3.011563420E-1,-6.071996093E-1,3.785834610E-1,7.763452485E-1
3.066705880E-1,2.559523284E-1,-5.949822664E-1,3.614792228E-1,7.417430285E-1
3.088834010E-1,2.083048970E-1,-5.839866996E-1,3.370446563E-1,7.057127572E-1
3.110962130E-1,1.643226296E-1,-5.681042671E-1,3.162752390E-1,6.706522286E-1
3.133089730E-1,1.191186309E-1,-5.448913574E-1,2.918406427E-1,6.294972600E-1
3.155218380E-1,7.635809481E-2,-5.106829405E-1,2.698495090E-1,5.826202724E-1
3.177345980E-1,3.481929377E-2,-4.728093445E-1,2.441931963E-1,5.332835799E-1
3.199473590E-1,-3.054323839E-3,-4.324922562E-1,2.148716897E-1,4.829375980E-1
3.221722030E-1,-3.481929377E-2,-3.958403766E-1,1.867718995E-1,4.390737175E-1
3.243729840E-1,-6.414080411E-2,-3.591884971E-1,1.550069451E-1,3.964310435E-1
3.265857960E-1,-8.735366166E-2,-3.249800503E-1,1.220202371E-1,3.579547927E-1
3.287985570E-1,-1.093447953E-1,-2.834412456E-1,9.147699922E-2,3.172747474E-1
3.310113690E-1,-1.276707351E-1,-2.419024557E-1,6.704241037E-2,2.816226189E-1
3.332241300E-1,-1.398880333E-1,-1.905898154E-1,4.382954910E-2,2.404457713E-1
3.354369420E-1,-1.521053314E-1,-1.221729591E-1,2.550360374E-2,1.967554258E-1
3.376497550E-1,-1.582139730E-1,-6.230820715E-2,1.450803876E-2,1.706588912E-1
3.398688170E-1,-1.594357044E-1,-2.443459118E-3,3.512472380E-3,1.594931089E-1
3.420753280E-1,-1.582139730E-1,4.886918142E-2,1.069013379E-3,1.655928771E-1
3.442881400E-1,-1.508836001E-1,9.407317638E-2,-1.527161949E-4,1.778078925E-1
3.465009530E-1,-1.411097646E-1,1.343902498E-1,3.512472380E-3,1.948975176E-1
3.487137130E-1,-1.215620935E-1,1.808159798E-1,8.399390616E-3,2.180419934E-1
3.509264730E-1,-9.712749720E-2,2.247982323E-1,1.572976820E-2,2.453883077E-1
3.531392860E-1,-7.147117704E-2,2.626718581E-1,2.550360374E-2,2.734137304E-1
3.553520980E-1,-4.337139800E-2,2.956585586E-1,3.649916872E-2,3.010436028E-1
3.575649110E-1,-9.162971750E-3,3.164279461E-1,4.993819445E-2,3.204753163E-1
3.597776710E-1,2.748891525E-2,3.249800503E-1,6.704241037E-2,3.329599951E-1
3.619904840E-1,6.536252797E-2,3.262017965E-1,8.536835015E-2,3.434641573E-1
3.642032960E-1,1.044578776E-1,3.139844835E-1,1.049160287E-1,3.471384121E-1
3.664161090E-1,1.459966749E-1,2.895499170E-1,1.293506175E-1,3.491214198E-1
3.686288690E-1,1.875354946E-1,2.577849329E-1,1.574503928E-1,3.555464239E-1
3.708416300E-1,2.315177470E-1,2.174678594E-1,1.879936308E-1,3.690993664E-1
3.730544940E-1,2.767217457E-1,1.759290546E-1,2.234237939E-1,3.967923241E-1
3.752672550E-1,3.207040131E-1,1.356119812E-1,2.637408674E-1,4.368076448E-1
3.774800670E-1,3.622428179E-1,9.285144508E-2,3.065013885E-1,4.835125139E-1
3.796928280E-1,4.013381600E-1,5.619955808E-2,3.541488647E-1,5.381933922E-1
3.819056400E-1,4.404335022E-1,2.199113183E-2,4.030180275E-1,5.974017160E-1
3.841184010E-1,4.807505906E-1,-8.552107029E-3,4.567741454E-1,6.632019969E-1
3.863312130E-1,5.235111117E-1,-3.543015569E-2,5.093085170E-1,7.312416465E-1
3.885440260E-1,5.650499463E-1,-5.497783050E-2,5.655080676E-1,8.013135330E-1
3.907568380E-1,6.041452885E-1,-6.841685623E-2,6.253728271E-1,8.722176154E-1
3.929695980E-1,6.407971382E-1,-7.086031139E-2,6.840158105E-1,9.399573315E-1
3.951824110E-1,6.762273312E-1,-6.352993846E-2,7.389936447E-1,1.003708655E0
3.973951710E-1,7.104357481E-1,-4.398226365E-2,7.951932549E-1,1.067232732E0
3.996079840E-1,7.422007322E-1,-2.443459071E-2,8.465058804E-1,1.126068906E0
4.018207960E-1,7.703005075E-1,-1.221729559E-3,8.953750730E-1,1.181126956E0
4.040336090E-1,7.947350740E-1,2.565632015E-2,9.405790567E-1,1.231645666E0
4.062463690E-1,8.179479241E-1,5.375609919E-2,9.833396077E-1,1.280189560E0
4.084591820E-1,8.362739086E-1,7.941242307E-2,1.018769741E0,1.320436355E0
4.106719940E-1,8.509346247E-1,1.087339297E-1,1.050534725E0,1.356294958E0
4.128847550E-1,8.594867587E-1,1.404989064E-1,1.076191068E0,1.384429357E0
4.150975670E-1,8.619301915E-1,1.734855920E-1,1.098182201E0,1.406778253E0
4.173103800E-1,8.619301915E-1,2.150243968E-1,1.114064693E0,1.424885710E0
4.195231400E-1,8.582650423E-1,2.541197538E-1,1.128725410E0,1.440561273E0
4.217359010E-1,8.497129083E-1,2.956585586E-1,1.136055827E0,1.449154530E0
4.239487130E-1,8.423825502E-1,3.396408260E-1,1.138499260E0,1.456415056E0
4.261630360E-1,8.301652074E-1,3.824013472E-1,1.140942693E0,1.461901259E0
4.283742860E-1,8.155044913E-1,4.251618981E-1,1.133612275E0,1.459755803E0
4.305870980E-1,7.996219993E-1,4.679224193E-1,1.125060201E0,1.457431709E0
4.327999110E-1,7.874047160E-1,5.119046569E-1,1.112842917E0,1.456184028E0
4.350127230E-1,7.727439404E-1,5.558869243E-1,1.096960425E0,1.452399960E0
4.372254840E-1,7.605266571E-1,6.023126841E-1,1.078634501E0,1.450735590E0
4.394382960E-1,7.483093739E-1,6.524035931E-1,1.057865024E0,1.450750073E0
4.416511090E-1,7.360920310E-1,7.012727857E-1,1.033430457E0,1.449687383E0
4.438652230E-1,7.250964642E-1,7.562506199E-1,1.012661099E0,1.457107541E0
4.460766820E-1,7.128791809E-1,8.087849617E-1,9.870047569E-1,1.461679935E0
4.482894940E-1,7.006618977E-1,8.649845123E-1,9.625701904E-1,1.471620424E0
4.505022550E-1,6.896663308E-1,9.162971973E-1,9.393573403E-1,1.482441370E0
4.527150670E-1,6.762273312E-1,9.688315392E-1,9.137009978E-1,1.493575398E0
4.549278800E-1,6.640099883E-1,1.017700672E0,8.917098641E-1,1.507239332E0
4.571406400E-1,6.505709887E-1,1.064126492E0,8.672752976E-1,1.519136019E0
4.593534530E-1,6.371319890E-1,1.109330416E0,8.428406715E-1,1.531969824E0
4.615662130E-1,6.261364222E-1,1.150869250E0,8.208495378E-1,1.546072707E0
4.637790260E-1,6.126973629E-1,1.189964533E0,8.025236130E-1,1.560595334E0
4.659918380E-1,5.992583632E-1,1.227838159E0,7.854194045E-1,1.575938061E0
4.682046510E-1,5.894845128E-1,1.264490128E0,7.695369124E-1,1.593302963E0
4.704174110E-1,5.748237371E-1,1.299920201E0,7.548761368E-1,1.609364111E0
4.726302230E-1,5.626064539E-1,1.339015603E0,7.451022863E-1,1.632380539E0
4.748429840E-1,5.528326035E-1,1.378110886E0,7.365502119E-1,1.657504062E0
4.770557960E-1,5.406153202E-1,1.418428063E0,7.316632867E-1,1.685091766E0
4.792686090E-1,5.308414698E-1,1.458745122E0,7.279980779E-1,1.714558602E0
4.814813690E-1,5.222893953E-1,1.495396972E0,7.267763615E-1,1.742757067E0
4.836941820E-1,5.161807537E-1,1.532048821E0,7.279980779E-1,1.773019279E0
4.859069420E-1,5.088503361E-1,1.567479014E0,7.316632867E-1,1.803122372E0
4.881198070E-1,5.027416945E-1,1.600465775E0,7.377719283E-1,1.832633986E0
4.903325670E-1,4.978547990E-1,1.633452415E0,7.451022863E-1,1.863116639E0
4.925453280E-1,4.893026948E-1,1.662773967E0,7.560978532E-1,1.891009877E0
4.947581400E-1,4.831940532E-1,1.689651966E0,7.683151960E-1,1.917995959E0
4.969709530E-1,4.770853817E-1,1.711643100E0,7.854194045E-1,1.942734208E0
4.991837650E-1,4.734202027E-1,1.728747368E0,8.049670458E-1,1.964857780E0
5.013965260E-1,4.648680985E-1,1.745851517E0,8.269581795E-1,1.986947331E0
5.036093380E-1,4.563159943E-1,1.760512352E0,8.489493132E-1,2.007073233E0
5.058220980E-1,4.477638900E-1,1.776394725E0,8.770490885E-1,2.031079965E0
5.080349110E-1,4.355465770E-1,1.786168575E0,9.051488638E-1,2.049242169E0
5.102476710E-1,4.221075773E-1,1.794720769E0,9.344704151E-1,2.066986309E0
5.124604840E-1,4.050033391E-1,1.803272843E0,9.625701904E-1,2.083833492E0
5.146732960E-1,3.878991306E-1,1.808159709E0,9.906699657E-1,2.097935712E0
5.168861090E-1,3.707949221E-1,1.814268351E0,1.019991517E0,2.114105299E0
5.190988690E-1,3.512472510E-1,1.815490127E0,1.046869516E0,2.124927014E0
5.213116820E-1,3.341430426E-1,1.817933559E0,1.072525859E0,2.137017950E0
5.235244940E-1,3.121519089E-1,1.820376992E0,1.100625634E0,2.150020464E0
5.257372550E-1,2.889390290E-1,1.820376992E0,1.123838425E0,2.158766074E0
5.279500670E-1,2.657261789E-1,1.822820544E0,1.145829558E0,2.169380215E0
5.301787650E-1,2.412915826E-1,1.828929186E0,1.166599035E0,2.182694872E0
5.323756400E-1,2.119700760E-1,1.828929186E0,1.183703184E0,2.188850499E0
5.345884530E-1,1.850920320E-1,1.826485634E0,1.199585676E0,2.193014962E0
5.368012130E-1,1.569922417E-1,1.827707410E0,1.211802959E0,2.198551194E0
5.390140260E-1,1.264490038E-1,1.826485634E0,1.220355153E0,2.200296757E0
5.412268380E-1,9.712749720E-2,1.826485634E0,1.225242019E0,2.201522547E0
5.434396510E-1,6.902772188E-2,1.826485634E0,1.232572436E0,2.204551974E0
5.456524110E-1,4.214967042E-2,1.826485634E0,1.236237645E0,2.205926082E0
5.478652230E-1,1.771507785E-2,1.827707410E0,1.241124511E0,2.209347924E0
5.500779840E-1,-7.941242307E-3,1.830150843E0,1.241124511E0,2.211313008E0
5.522907960E-1,-3.115410358E-2,1.830150843E0,1.239902735E0,2.210832756E0
5.545035570E-1,-5.192350596E-2,1.831372619E0,1.238681078E0,2.211549803E0
5.567164210E-1,-7.024945319E-2,1.830150843E0,1.237459302E0,2.210360291E0
5.589291820E-1,-8.491020650E-2,1.830150843E0,1.231350660E0,2.207461506E0
5.611419420E-1,-9.957095981E-2,1.831372619E0,1.225242019E0,2.205687659E0
5.633547550E-1,-1.117882580E-1,1.833816051E0,1.217911601E0,2.204242862E0
5.655675670E-1,-1.215620935E-1,1.837481260E0,1.206916094E0,2.201763198E0
5.677803800E-1,-1.288924664E-1,1.846033335E0,1.191033602E0,2.200684753E0
5.699931400E-1,-1.301141977E-1,1.858250618E0,1.175151110E0,2.202499760E0
5.722059010E-1,-1.301141977E-1,1.874133110E0,1.159268618E0,2.207534450E0
5.744187130E-1,-1.276707351E-1,1.891237378E0,1.137277484E0,2.210538105E0
5.766315260E-1,-1.227838174E-1,1.910785079E0,1.116508126E0,2.216476005E0
5.788443380E-1,-1.178968996E-1,1.932776213E0,1.094516993E0,2.224295622E0
5.810570980E-1,-1.142317131E-1,1.957210779E0,1.072525859E0,2.234733684E0
5.832699110E-1,-1.117882580E-1,1.982867122E0,1.051756382E0,2.247320654E0
5.854827230E-1,-1.069013327E-1,2.012188673E0,1.027321815E0,2.261796026E0
5.876954840E-1,-1.056796089E-1,2.042731762E0,1.006552458E0,2.279708113E0
5.899082960E-1,-1.007926911E-1,2.069609880E0,9.857830405E-1,2.294605070E0
5.921211090E-1,-9.957095981E-2,2.096487999E0,9.674571157E-1,2.311092723E0
5.943338690E-1,-9.957095981E-2,2.123365879E0,9.503529072E-1,2.328468956E0
5.965466820E-1,-9.834922850E-2,2.146578789E0,9.308052063E-1,2.341766726E0
5.987594420E-1,-1.020144150E-1,2.166126490E0,9.185879230E-1,2.355061503E0
6.009722550E-1,-1.081230640E-1,2.180787325E0,9.063706398E-1,2.364113299E0
6.031850150E-1,-1.166751757E-1,2.194226265E0,8.965967894E-1,2.373210442E0
6.053978280E-1,-1.288924664E-1,2.199113131E0,8.892664313E-1,2.375606578E0
6.076106400E-1,-1.447749585E-1,2.204000235E0,8.868229389E-1,2.380132716E0
6.098234010E-1,-1.618791670E-1,2.205221891E0,8.868229389E-1,2.382365081E0
6.120362130E-1,-1.826485693E-1,2.202778339E0,8.880446553E-1,2.382061339E0
6.142490260E-1,-2.058614343E-1,2.199113131E0,8.965967894E-1,2.383770814E0
6.164680880E-1,-2.302960157E-1,2.186895847E0,9.039271474E-1,2.377526864E0
6.186745980E-1,-2.583957911E-1,2.173456907E0,9.124792814E-1,2.371350196E0
6.208874110E-1,-2.889390290E-1,2.157574415E0,9.246965647E-1,2.365095528E0
6.231001710E-1,-3.219257295E-1,2.138026714E0,9.393573403E-1,2.357368579E0
6.253129840E-1,-3.536907136E-1,2.114813805E0,9.527963400E-1,2.346349380E0
6.275257960E-1,-3.891208768E-1,2.089157581E0,9.662353396E-1,2.334438945E0
6.297385570E-1,-4.233292937E-1,2.058614254E0,9.808961153E-1,2.319322644E0
6.319513690E-1,-4.563159943E-1,2.021962404E0,9.955568910E-1,2.299497722E0
6.341667340E-1,-4.917461574E-1,1.984088778E0,1.008995891E0,2.279582258E0
6.363769420E-1,-5.222893953E-1,1.944993496E0,1.022434950E0,2.258574581E0
6.385897550E-1,-5.552760959E-1,1.905898094E0,1.035874009E0,2.239154763E0
6.408025670E-1,-5.870410800E-1,1.866802812E0,1.050534725E0,2.221079282E0
6.430153280E-1,-6.163625717E-1,1.831372619E0,1.065195441E0,2.206460926E0
6.452281400E-1,-6.432406306E-1,1.793498993E0,1.078634501E0,2.189486134E0
6.474409530E-1,-6.676751971E-1,1.755625367E0,1.089630008E0,2.171475110E0
6.496537130E-1,-6.908880472E-1,1.717751741E0,1.103069067E0,2.155170227E0
6.518664730E-1,-7.092140317E-1,1.679878116E0,1.117729783E0,2.138760130E0
6.540792860E-1,-7.287616730E-1,1.643226266E0,1.132390618E0,2.124522217E0
6.562920980E-1,-7.446441650E-1,1.607796073E0,1.144607902E0,2.109414704E0
6.585049110E-1,-7.617483735E-1,1.571144223E0,1.156825185E0,2.094516475E0
6.607176710E-1,-7.764091492E-1,1.539379239E0,1.169042468E0,2.083065026E0
6.629304840E-1,-7.910698652E-1,1.508836031E0,1.180038095E0,2.072406235E0
6.651432960E-1,-8.045089245E-1,1.484401464E0,1.189811826E0,2.065510711E0
6.673560570E-1,-8.203914165E-1,1.456301689E0,1.197142243E0,2.055968443E0
6.695688690E-1,-8.326086998E-1,1.429423571E0,1.202029228E0,2.044838198E0
6.717816300E-1,-8.460476995E-1,1.406210780E0,1.204472661E0,2.035676757E0
6.739944420E-1,-8.558215499E-1,1.382997870E0,1.206916094E0,2.025280250E0
6.762072030E-1,-8.680388331E-1,1.363450170E0,1.205694318E0,2.016478755E0
6.784200150E-1,-8.790344000E-1,1.345124245E0,1.203250885E0,2.007454458E0
6.806328280E-1,-8.875865340E-1,1.328019977E0,1.195920467E0,1.995412909E0
6.828528800E-1,-8.985821009E-1,1.314581037E0,1.186146736E0,1.985577290E0
6.850584010E-1,-9.095776677E-1,1.304807186E0,1.177594543E0,1.979035683E0
6.872712130E-1,-9.193515182E-1,1.298698545E0,1.164155602E0,1.971568764E0
6.894840260E-1,-9.303470850E-1,1.293811560E0,1.148273110E0,1.964185629E0
6.916967860E-1,-9.401208758E-1,1.295033336E0,1.126281977E0,1.956897977E0
6.939095980E-1,-9.523382187E-1,1.299920201E0,1.103069067E0,1.952818983E0
6.961223590E-1,-9.633337855E-1,1.306028843E0,1.077412724E0,1.947958290E0
6.983351710E-1,-9.731075764E-1,1.318246245E0,1.043204308E0,1.942417758E0
7.005479840E-1,-9.828814268E-1,1.331685185E0,1.010217667E0,1.939067061E0
7.027607440E-1,-9.938769937E-1,1.348789454E0,9.723440409E-1,1.937131230E0
7.049735570E-1,-1.002429128E0,1.369558811E0,9.332486391E-1,1.936881131E0
7.071863170E-1,-1.010981202E0,1.396436930E0,8.892664313E-1,1.939823156E0
7.093991300E-1,-1.017089844E0,1.428201914E0,8.477275968E-1,1.947530368E0
7.116119420E-1,-1.021976829E0,1.453858137E0,8.049670458E-1,1.950925951E0
7.138247550E-1,-1.026863694E0,1.479514480E0,7.646499872E-1,1.956553537E0
7.160375150E-1,-1.030528903E0,1.512501240E0,7.255546451E-1,1.968776108E0
7.182503280E-1,-1.031750560E0,1.549153090E0,6.876810193E-1,1.984260491E0
7.204643380E-1,-1.032972336E0,1.585804939E0,6.498073936E-1,2.001014443E0
7.226759010E-1,-1.032972336E0,1.627343774E0,6.155989766E-1,2.023423264E0
7.248887130E-1,-1.034194112E0,1.673769474E0,5.850557685E-1,2.052645114E0
7.271014730E-1,-1.030528903E0,1.718973517E0,5.508472919E-1,2.078531335E0
7.293142340E-1,-1.024420261E0,1.767842650E0,5.190823674E-1,2.108115512E0
7.315270460E-1,-1.017089844E0,1.820376992E0,4.885390997E-1,2.141708336E0
7.337398590E-1,-1.004872561E0,1.872911453E0,4.592176080E-1,2.174499249E0
7.359526710E-1,-9.902117848E-1,1.926667571E0,4.262309074E-1,2.207768125E0
7.381654320E-1,-9.706641436E-1,1.975536704E0,3.956876695E-1,2.236404007E0
7.403782440E-1,-9.486730099E-1,2.025627613E0,3.639226854E-1,2.266183450E0
7.425910050E-1,-9.242383838E-1,2.068388224E0,3.333794475E-1,2.289888270E0
7.448038170E-1,-9.034690261E-1,2.106261730E0,3.065013885E-1,2.312258173E0
7.470165780E-1,-8.778126836E-1,2.141691923E0,2.832885385E-1,2.331877312E0
7.492293900E-1,-8.509346247E-1,2.174678564E0,2.625191510E-1,2.349943169E0
7.514422030E-1,-8.289434910E-1,2.206443548E0,2.441931963E-1,2.369635153E0
7.536549630E-1,-8.045089245E-1,2.240652084E0,2.270889878E-1,2.391511192E0
7.558677760E-1,-7.812960744E-1,2.272417068E0,2.136499584E-1,2.412457086E0
7.580805880E-1,-7.617483735E-1,2.301738501E0,2.026543915E-1,2.432967224E0
7.602933480E-1,-7.385355234E-1,2.329838276E0,1.928805560E-1,2.451690033E0
7.625061610E-1,-7.153226733E-1,2.351829290E0,1.831067204E-1,2.465018379E0
7.647189730E-1,-6.933315396E-1,2.371376991E0,1.769980639E-1,2.476987237E0
7.669317340E-1,-6.713404059E-1,2.388481379E0,1.733328849E-1,2.487083739E0
7.691445460E-1,-6.505709887E-1,2.401920319E0,1.672242284E-1,2.494078541E0
7.713573590E-1,-6.298015714E-1,2.411694050E0,1.647807807E-1,2.498013394E0
7.735701190E-1,-6.090322137E-1,2.420246363E0,1.635590494E-1,2.501052630E0
7.757829320E-1,-5.882627964E-1,2.427576542E0,1.623373181E-1,2.503104950E0
7.779956920E-1,-5.674933791E-1,2.433685303E0,1.598938555E-1,2.504084450E0
7.802085050E-1,-5.503891706E-1,2.441015720E0,1.586721241E-1,2.507321844E0
7.824213170E-1,-5.332849622E-1,2.445902586E0,1.537852138E-1,2.508083372E0
7.846340780E-1,-5.161807537E-1,2.448346138E0,1.513417512E-1,2.506740056E0
7.868468900E-1,-5.039634705E-1,2.448346138E0,1.476765573E-1,2.504034017E0
7.890596510E-1,-4.941896200E-1,2.444680929E0,1.440113783E-1,2.498284912E0
7.912724630E-1,-4.905244112E-1,2.442237377E0,1.366809905E-1,2.494758365E0
7.934852760E-1,-4.880809486E-1,2.441015720E0,1.330158114E-1,2.492884668E0
7.956980880E-1,-4.905244112E-1,2.437350512E0,1.293506175E-1,2.489582956E0
7.979108480E-1,-4.978547990E-1,2.433685303E0,1.256854236E-1,2.487263633E0
8.001236610E-1,-5.051851869E-1,2.431241751E0,1.195767820E-1,2.486050508E0
8.023364730E-1,-5.137372613E-1,2.423911333E0,1.171333194E-1,2.480522594E0
8.045492340E-1,-5.259546041E-1,2.415359259E0,1.134681329E-1,2.474563317E0
8.067619940E-1,-5.393936038E-1,2.405585527E0,1.098029464E-1,2.467760903E0
8.089748070E-1,-5.503891706E-1,2.397033453E0,1.036942974E-1,2.461595036E0
8.111876190E-1,-5.626064539E-1,2.388481379E0,9.636391699E-2,2.455739262E0
8.134003800E-1,-5.748237371E-1,2.382372618E0,9.147699922E-2,2.452445649E0
8.156131920E-1,-5.858193040E-1,2.377485752E0,8.414662629E-2,2.450041513E0
8.178260050E-1,-5.955931544E-1,2.377485752E0,7.315105945E-2,2.452044205E0
8.200387650E-1,-6.041452885E-1,2.381150961E0,6.337722391E-2,2.457414922E0
8.222515780E-1,-6.126973629E-1,2.386037827E0,5.115992576E-2,2.463978877E0
8.244643900E-1,-6.175842881E-1,2.392146587E0,3.894263133E-2,2.470888945E0
8.266771510E-1,-6.236929297E-1,2.398255110E0,2.550360374E-2,2.478158767E0
8.288899630E-1,-6.273581386E-1,2.405585527E0,9.621120058E-3,2.486063662E0
8.311027760E-1,-6.334667802E-1,2.412915945E0,-5.039634649E-3,2.494688140E0
8.333155360E-1,-6.371319890E-1,2.417802811E0,-2.092211880E-2,2.500429031E0
8.355283480E-1,-6.383537054E-1,2.422689676E0,-4.169152305E-2,2.505725225E0
8.377411090E-1,-6.420188546E-1,2.428798437E0,-5.879573524E-2,2.512908076E0
8.399539210E-1,-6.420188546E-1,2.433685303E0,-7.956513762E-2,2.518202330E0
8.421667340E-1,-6.407971382E-1,2.439793825E0,-1.039997265E-1,2.524684302E0
8.443795460E-1,-6.359102130E-1,2.445902586E0,-1.259908676E-1,2.530354710E0
8.465923070E-1,-6.310232878E-1,2.453233004E0,-1.528689116E-1,2.537698064E0
8.488051190E-1,-6.236929297E-1,2.461785078E0,-1.809686869E-1,2.546002417E0
8.510178800E-1,-6.139190793E-1,2.466671944E0,-2.127336562E-1,2.550808249E0
8.532306920E-1,-6.041452885E-1,2.472780704E0,-2.432768941E-1,2.557111572E0
8.554434530E-1,-5.931497216E-1,2.482554436E0,-2.774853408E-1,2.567469812E0
8.576562650E-1,-5.797106624E-1,2.492328405E0,-3.141372204E-1,2.578070504E0
8.598690780E-1,-5.662716627E-1,2.504545689E0,-3.507890999E-1,2.591614496E0
8.620818380E-1,-5.540543795E-1,2.516762972E0,-3.874409795E-1,2.605989759E0
8.642946510E-1,-5.357283950E-1,2.532645464E0,-4.240928590E-1,2.623195134E0
8.665074110E-1,-5.198459029E-1,2.546084404E0,-4.583013058E-1,2.638716666E0
8.687202230E-1,-5.039634705E-1,2.555858135E0,-4.949531853E-1,2.651672801E0
8.709329840E-1,-4.856374860E-1,2.568075418E0,-5.254964232E-1,2.665896025E0
8.731457960E-1,-4.697550237E-1,2.577849388E0,-5.548179150E-1,2.678395073E0
8.753586090E-1,-4.526508152E-1,2.588845015E0,-5.804742575E-1,2.691460874E0
8.775714210E-1,-4.355465770E-1,2.597397089E0,-6.036871076E-1,2.701964208E0
8.797841820E-1,-4.184423685E-1,2.604727507E0,-6.244565248E-1,2.711022934E0
8.819969940E-1,-4.050033391E-1,2.609614372E0,-6.415607333E-1,2.717667208E0
8.842097550E-1,-3.891208768E-1,2.614501238E0,-6.574432254E-1,2.723832479E0
8.864225670E-1,-3.756818473E-1,2.615722895E0,-6.708822250E-1,2.726394335E0
8.886353800E-1,-3.634645343E-1,2.613279581E0,-6.818777919E-1,2.725122742E0
8.908481400E-1,-3.488037884E-1,2.610836029E0,-6.904299259E-1,2.723017138E0
8.930609530E-1,-3.402516842E-1,2.604727507E0,-6.977602839E-1,2.717948860E0
8.952737650E-1,-3.304778337E-1,2.596175194E0,-7.026472092E-1,2.709807066E0
8.974865260E-1,-3.231474757E-1,2.581514597E0,-7.038689256E-1,2.695194496E0
8.996993380E-1,-3.158170879E-1,2.561966896E0,-7.063124180E-1,2.676245886E0
9.019120980E-1,-3.109301627E-1,2.532645464E0,-7.075341344E-1,2.647937908E0
9.041249110E-1,-3.035998046E-1,2.499658585E0,-7.026472092E-1,2.614226268E0
9.063376710E-1,-2.999345958E-1,2.465450287E0,-6.965385675E-1,2.579451852E0
9.085504840E-1,-2.950477004E-1,2.428798437E0,-6.892082095E-1,2.541873905E0
9.107677230E-1,-2.913824916E-1,2.388481379E0,-6.806560755E-1,2.500607875E0
9.129761090E-1,-2.877173126E-1,2.349385977E0,-6.696605086E-1,2.459845710E0
9.151888690E-1,-2.816086709E-1,2.315177441E0,-6.598866582E-1,2.423798760E0
9.174016820E-1,-2.767217457E-1,2.283412457E0,-6.513345838E-1,2.390561464E0
9.196144420E-1,-2.706131041E-1,2.252869368E0,-6.440041661E-1,2.358684635E0
9.218272550E-1,-2.632827163E-1,2.223547697E0,-6.378955245E-1,2.328173716E0
9.240400670E-1,-2.596175373E-1,2.194226265E0,-6.330085993E-1,2.298419034E0
9.262528280E-1,-2.535088956E-1,2.163682938E0,-6.317868829E-1,2.268247182E0
9.284791300E-1,-2.510654330E-1,2.133139849E0,-6.293434501E-1,2.238167251E0
9.306784010E-1,-2.461785078E-1,2.105040073E0,-6.354520917E-1,2.212599586E0
9.328912130E-1,-2.461785078E-1,2.078161955E0,-6.427824497E-1,2.189184836E0
9.351040260E-1,-2.474002391E-1,2.052505732E0,-6.476693749E-1,2.166440000E0
9.373167860E-1,-2.486219704E-1,2.026849270E0,-6.598866582E-1,2.146015202E0
9.395295980E-1,-2.510654330E-1,2.006079912E0,-6.733257174E-1,2.130905438E0
9.417423590E-1,-2.559523284E-1,1.990197420E0,-6.904299259E-1,2.122048738E0
9.439551710E-1,-2.620609999E-1,1.975536704E0,-7.111993432E-1,2.115945591E0
9.461679840E-1,-2.693913579E-1,1.968206286E0,-7.344121933E-1,2.117963399E0
9.483807440E-1,-2.755000293E-1,1.964541078E0,-7.612902522E-1,2.124825819E0
9.505935570E-1,-2.803869247E-1,1.962097645E0,-7.869465351E-1,2.132540467E0
9.528063170E-1,-2.864955962E-1,1.959654212E0,-8.138245940E-1,2.141176038E0
9.550191300E-1,-2.901607752E-1,1.960875988E0,-8.407026529E-1,2.153139305E0
9.572319420E-1,-2.962694168E-1,1.964541078E0,-8.651372194E-1,2.166947074E0
9.594447550E-1,-3.011563420E-1,1.971871495E0,-8.883501291E-1,2.183606716E0
9.616575150E-1,-3.048215210E-1,1.986532211E0,-9.103412628E-1,2.206342585E0
9.638702760E-1,-3.109301627E-1,2.001193047E0,-9.311106205E-1,2.228994877E0
9.660830880E-1,-3.194822669E-1,2.012188673E0,-9.518800378E-1,2.248788069E0
9.682959010E-1,-3.243691921E-1,2.021962404E0,-9.714277387E-1,2.266543445E0
9.705086610E-1,-3.304778337E-1,2.028071165E0,-9.946405888E-1,2.282892496E0
9.727214730E-1,-3.365865052E-1,2.035401344E0,-1.017853379E0,2.300472693E0
9.749342860E-1,-3.402516842E-1,2.046396971E0,-1.042288065E0,2.321610687E0
9.771470460E-1,-3.451386094E-1,2.057392597E0,-1.069166064E0,2.344163184E0
9.793598590E-1,-3.463603258E-1,2.065944672E0,-1.097265840E0,2.364759012E0
9.815726190E-1,-3.512472510E-1,2.072053432E0,-1.126587391E0,2.384529138E0
9.837854320E-1,-3.561341763E-1,2.073275089E0,-1.155908823E0,2.400297139E0
9.859981920E-1,-3.597993553E-1,2.070831537E0,-1.188895583E0,2.414802588E0
9.882110050E-1,-3.695732057E-1,2.072053432E0,-1.220660567E0,2.433105424E0
9.904238170E-1,-3.793470263E-1,2.075718403E0,-1.251203775E0,2.453165698E0
9.926366300E-1,-3.891208768E-1,2.085492373E0,-1.285412192E0,2.480519703E0
9.948493900E-1,-4.050033391E-1,2.097709656E0,-1.320842385E0,2.511779869E0
9.970621510E-1,-4.208858311E-1,2.111148596E0,-1.353829026E0,2.543019133E0
9.992749630E-1,-4.392117858E-1,2.124587774E0,-1.388037443E0,2.575544243E0
1.001487776E0,-4.587594569E-1,2.138026714E0,-1.424689412E0,2.609857926E0
1.003700588E0,-4.795288444E-1,2.150243998E0,-1.455232620E0,2.640302850E0
1.005913401E0,-5.027416945E-1,2.161239624E0,-1.488219261E0,2.671797615E0
1.008126161E0,-5.235111117E-1,2.172235250E0,-1.519984245E0,2.702410401E0
1.010338921E0,-5.442805290E-1,2.180787325E0,-1.552971005E0,2.731994435E0
1.012551734E0,-5.638281703E-1,2.190561056E0,-1.581070781E0,2.759754475E0
1.014764546E0,-5.809323788E-1,2.204000235E0,-1.612835765E0,2.792192448E0
1.016977307E0,-5.980366468E-1,2.212552309E0,-1.642157197E0,2.819524040E0
1.019190119E0,-6.114756465E-1,2.224769592E0,-1.670256972E0,2.848378584E0
1.021402880E0,-6.236929297E-1,2.230878115E0,-1.699578524E0,2.873043193E0
1.023615692E0,-6.346884966E-1,2.236986876E0,-1.726456642E0,2.896134028E0
1.025828453E0,-6.432406306E-1,2.240652084E0,-1.754556417E0,2.917661477E0
1.028041265E0,-6.517927051E-1,2.244317293E0,-1.782656193E0,2.939329336E0
1.030254078E0,-6.554579139E-1,2.246760607E0,-1.815642834E0,2.962113637E0
1.032468140E0,-6.627882719E-1,2.251647472E0,-1.846186042E0,2.986236349E0
1.034679651E0,-6.652317643E-1,2.257756233E0,-1.877951026E0,3.011095575E0
1.036892463E0,-6.676751971E-1,2.262643099E0,-1.910937786E0,3.035955728E0
1.039105223E0,-6.688969135E-1,2.265086651E0,-1.942702770E0,3.058126006E0
1.041318036E0,-6.652317643E-1,2.269973516E0,-1.976911187E0,3.082773249E0
1.043530796E0,-6.664534807E-1,2.271195173E0,-2.009897947E0,3.105185585E0
1.045743609E0,-6.640099883E-1,2.272417068E0,-2.039219379E0,3.124612660E0
1.047956421E0,-6.615665555E-1,2.274860382E0,-2.068540812E0,3.145078879E0
1.050176734E0,-6.615665555E-1,2.274860382E0,-2.094197273E0,3.162012379E0
1.052381994E0,-6.591231227E-1,2.274860382E0,-2.122297049E0,3.180185185E0
1.054594807E0,-6.554579139E-1,2.276082277E0,-2.145509720E0,3.195839102E0
1.056807567E0,-6.505709887E-1,2.280969143E0,-2.167500973E0,3.213117382E0
1.059020380E0,-6.469057798E-1,2.285856009E0,-2.193157196E0,3.233197066E0
1.061233140E0,-6.420188546E-1,2.291964769E0,-2.215148449E0,3.251487869E0
1.063445953E0,-6.371319890E-1,2.298073292E0,-2.238361359E0,3.270678767E0
1.065658765E0,-6.310232878E-1,2.306625366E0,-2.265239239E0,3.293936821E0
1.067871526E0,-6.236929297E-1,2.316399336E0,-2.289673805E0,3.316218462E0
1.070084338E0,-6.188060045E-1,2.323729515E0,-2.317773581E0,3.339867378E0
1.072297151E0,-6.114756465E-1,2.332281828E0,-2.343430042E0,3.362306553E0
1.074509911E0,-6.029235125E-1,2.337168694E0,-2.369086266E0,3.382076876E0
1.076722723E0,-5.955931544E-1,2.342055559E0,-2.395964384E0,3.403028178E0
1.078935536E0,-5.833758712E-1,2.345720768E0,-2.424064159E0,3.423276264E0
1.081148296E0,-5.723803043E-1,2.350607634E0,-2.448498726E0,3.442110032E0
1.083361057E0,-5.613847375E-1,2.356716394E0,-2.471711636E0,3.461014793E0
1.085573869E0,-5.455022454E-1,2.366490126E0,-2.493702650E0,3.480862123E0
1.087786682E0,-5.283980370E-1,2.378707409E0,-2.507141829E0,3.496171273E0
1.089999494E0,-5.064069033E-1,2.387259483E0,-2.514472246E0,3.504001494E0
1.092212255E0,-4.844157696E-1,2.393368244E0,-2.518137455E0,3.507689615E0
1.094425067E0,-4.575377107E-1,2.393368244E0,-2.512028694E0,3.499691482E0
1.096637828E0,-4.282162189E-1,2.397033453E0,-2.499811411E0,3.489727152E0
1.098850640E0,-3.964512348E-1,2.397033453E0,-2.485150576E0,3.475473542E0
1.101063401E0,-3.622428179E-1,2.397033453E0,-2.466824770E0,3.458643329E0
1.103276213E0,-3.292561173E-1,2.398255110E0,-2.448498726E0,3.443135660E0
1.105489026E0,-2.950477004E-1,2.397033453E0,-2.425285816E0,3.422693941E0
1.107701786E0,-2.620609999E-1,2.388481379E0,-2.400851250E0,3.396705166E0
1.109914598E0,-2.302960157E-1,2.373820543E0,-2.380081892E0,3.369399062E0
1.112127411E0,-2.021962404E-1,2.354272842E0,-2.356868982E0,3.337411472E0
1.114340171E0,-1.728747338E-1,2.327394724E0,-2.336099625E0,3.302122549E0
1.116552984E0,-1.459966749E-1,2.294408083E0,-2.317773581E0,3.264612971E0
1.118765744E0,-1.240055487E-1,2.257756233E0,-2.301891088E0,3.226692295E0
1.120978557E0,-1.044578776E-1,2.219882727E0,-2.288452148E0,3.189953605E0
1.123191369E0,-8.613193035E-2,2.179565430E0,-2.273791313E0,3.150881005E0
1.125404130E0,-6.902772188E-2,2.139248371E0,-2.266461134E0,3.117369803E0
1.127616890E0,-5.558869615E-2,2.101374865E0,-2.264017582E0,3.089440408E0
1.129829703E0,-4.337139800E-2,2.063501120E0,-2.265239239E0,3.064510851E0
1.132042515E0,-3.237583488E-2,2.023184061E0,-2.270126343E0,3.041018834E0
1.134255276E0,-2.015853859E-2,1.986532211E0,-2.279900074E0,3.024014044E0
1.136468088E0,-1.038470119E-2,1.949880362E0,-2.298226118E0,3.013964923E0
1.138680901E0,6.108647794E-4,1.909563303E0,-2.322660685E0,3.006856338E0
1.140893661E0,1.038470119E-2,1.869246244E0,-2.350760460E0,3.003375452E0
1.143106473E0,2.138026804E-2,1.827707410E0,-2.380081892E0,3.000960064E0
1.145319286E0,3.237583488E-2,1.784946918E0,-2.413068533E0,3.001663446E0
1.147532046E0,4.337139800E-2,1.745851517E0,-2.448498726E0,3.007494739E0
1.149744859E0,5.558869615E-2,1.706756234E0,-2.482707262E0,3.013294260E0
1.151957671E0,6.780599058E-2,1.671326041E0,-2.515693903E0,3.021033631E0
1.154170432E0,8.002328873E-2,1.638339281E0,-2.549902201E0,3.031923574E0
1.156383192E0,9.468404204E-2,1.602909207E0,-2.581667185E0,3.040277693E0
1.158596005E0,1.093447953E-1,1.569922447E0,-2.614654064E0,3.051725520E0
1.160808817E0,1.240055487E-1,1.536935806E0,-2.646419048E0,3.062855339E0
1.163021578E0,1.423314959E-1,1.505170822E0,-2.675740480E0,3.073334440E0
1.165234390E0,1.569922417E-1,1.478292823E0,-2.707505465E0,3.088783268E0
1.167447203E0,1.765399277E-1,1.456301689E0,-2.736826897E0,3.105189595E0
1.169659963E0,1.936441362E-1,1.435532212E0,-2.764926672E0,3.121389160E0
1.171872776E0,2.131918073E-1,1.415984511E0,-2.793026447E0,3.138703493E0
1.174085536E0,2.315177470E-1,1.393993378E0,-2.821126223E0,3.155245025E0
1.176298348E0,2.522871494E-1,1.375667453E0,-2.843117476E0,3.168505440E0
1.178511109E0,2.706131041E-1,1.353676319E0,-2.865108490E0,3.180332952E0
1.180723921E0,2.901607752E-1,1.336572170E0,-2.883434534E0,3.191365406E0
1.182936734E0,3.084867001E-1,1.321911335E0,-2.898095131E0,3.200245148E0
1.185149546E0,3.255909383E-1,1.310915828E0,-2.911534309E0,3.209601502E0
1.187362307E0,3.426951468E-1,1.304807186E0,-2.924973249E0,3.221091471E0
1.189575067E0,3.597993553E-1,1.303585410E0,-2.939634085E0,3.235774876E0
1.191787880E0,3.756818473E-1,1.312137604E0,-2.951851368E0,3.252117532E0
1.194000692E0,3.903425932E-1,1.320689678E0,-2.968955517E0,3.272810020E0
1.196213453E0,4.050033391E-1,1.324354887E0,-2.986059666E0,3.291579545E0
1.198426265E0,4.208858311E-1,1.325576544E0,-3.004385710E0,3.310684453E0
1.200639078E0,4.355465770E-1,1.317024469E0,-3.021489859E0,3.324703782E0
1.202851838E0,4.453204274E-1,1.306028843E0,-3.033707142E0,3.332776717E0
1.205064651E0,4.563159943E-1,1.293811560E0,-3.043481112E0,3.338405295E0
1.207277411E0,4.636463821E-1,1.281594276E0,-3.049589634E0,3.340276754E0
1.209490223E0,4.660898149E-1,1.270598769E0,-3.052033186E0,3.338647558E0
1.211703036E0,4.673115611E-1,1.263268352E0,-3.044702768E0,3.329330559E0
1.213915796E0,4.673115611E-1,1.260824919E0,-3.033707142E0,3.318348775E0
1.216128609E0,4.648680985E-1,1.260824919E0,-3.014159441E0,3.300142264E0
1.218341369E0,4.587594569E-1,1.262046576E0,-2.988503218E0,3.276335343E0
1.220554182E0,4.514290690E-1,1.266933560E0,-2.955516577E0,3.247150610E0
1.222774755E0,4.440986812E-1,1.269376993E0,-2.918864727E0,3.213769264E0
1.224979755E0,4.343248606E-1,1.275485635E0,-2.873660564E0,3.173866212E0
1.227192567E0,4.269944727E-1,1.282816052E0,-2.822347879E0,3.129471019E0
1.229405380E0,4.208858311E-1,1.285259485E0,-2.767370224E0,3.080158240E0
1.231618140E0,4.123337269E-1,1.285259485E0,-2.703840256E0,3.022029645E0
1.233830953E0,4.037816226E-1,1.279150844E0,-2.636645079E0,2.958236595E0
1.236043713E0,3.976729810E-1,1.268155336E0,-2.565784693E0,2.889569665E0
1.238256526E0,3.927860558E-1,1.254716277E0,-2.494924545E0,2.820149342E0
1.240473973E0,3.854556680E-1,1.233946800E0,-2.419177294E0,2.742921719E0
1.242682098E0,3.817904890E-1,1.208290577E0,-2.343430042E0,2.664093553E0
1.244894911E0,3.769035637E-1,1.174082160E0,-2.265239239E0,2.579114969E0
1.247107671E0,3.707949221E-1,1.134986758E0,-2.188270330E0,2.492831895E0
1.249320484E0,3.695732057E-1,1.086117625E0,-2.112523079E0,2.403952913E0
1.251533296E0,3.707949221E-1,1.029918075E0,-2.035554171E0,2.311211997E0
1.253746057E0,3.732383847E-1,9.627228975E-1,-1.957363486E0,2.213010187E0
1.255958869E0,3.781253099E-1,8.906408548E-1,-1.885281444E0,2.119081406E0
1.258171630E0,3.854556680E-1,8.124501705E-1,-1.815642834E0,2.026131844E0
1.260384442E0,3.915643096E-1,7.318159938E-1,-1.746004224E0,1.933237701E0
1.262597255E0,3.988946974E-1,6.499601007E-1,-1.681252599E0,1.846124431E0
1.264810015E0,4.098902643E-1,5.632173419E-1,-1.620166063E0,1.763565104E0
1.267022776E0,4.208858311E-1,4.813614488E-1,-1.566410065E0,1.691890723E0
1.269235588E0,4.331031144E-1,4.007273018E-1,-1.518762589E0,1.629355848E0
1.271448401E0,4.453204274E-1,3.237583339E-1,-1.477223754E0,1.576489696E0
1.273661161E0,4.599811733E-1,2.516762912E-1,-1.441793561E0,1.534174797E0
1.275873973E0,4.758636653E-1,1.808159798E-1,-1.416137218E0,1.504853903E0
1.278086786E0,4.941896200E-1,1.062904745E-1,-1.399033070E0,1.487553218E0
1.280299546E0,5.112938285E-1,3.420842811E-2,-1.386815786E0,1.478461911E0
1.282512307E0,5.308414698E-1,-4.886918142E-2,-1.385594010E0,1.484604871E0
1.284725119E0,5.491674542E-1,-1.343902498E-1,-1.395367861E0,1.505555412E0
1.286937932E0,5.662716627E-1,-2.211330533E-1,-1.407585144E0,1.533251239E0
1.289150692E0,5.833758712E-1,-3.054323792E-1,-1.428354621E0,1.572836059E0
1.291363505E0,5.980366468E-1,-3.872882724E-1,-1.455232620E0,1.620290720E0
1.293576317E0,6.114756465E-1,-4.557051361E-1,-1.483332396E0,1.667886277E0
1.295789078E0,6.236929297E-1,-5.131264329E-1,-1.518762589E0,1.720154472E0
1.298001890E0,6.322450638E-1,-5.583304167E-1,-1.554192662E0,1.768327319E0
1.300214651E0,6.383537054E-1,-5.913171172E-1,-1.590844631E0,1.813267224E0
1.302427463E0,6.395754218E-1,-6.096430421E-1,-1.627496481E0,1.851881787E0
1.304640223E0,6.407971382E-1,-6.169734001E-1,-1.660483241E0,1.883741421E0
1.306853036E0,6.371319890E-1,-6.194168925E-1,-1.694691658E0,1.913529272E0
1.309065848E0,6.334667802E-1,-6.169734001E-1,-1.725234866E0,1.938652027E0
1.311278609E0,6.261364222E-1,-6.120865345E-1,-1.752112865E0,1.958723114E0
1.313491421E0,6.139190793E-1,-6.023126841E-1,-1.776547551E0,1.973777699E0
1.315704182E0,6.004800797E-1,-5.900954008E-1,-1.796095133E0,1.983619579E0
1.317916994E0,5.845975876E-1,-5.766563416E-1,-1.808312416E0,1.986021317E0
1.320129807E0,5.613847375E-1,-5.595521331E-1,-1.818086267E0,1.983352991E0
1.322342619E0,5.381718874E-1,-5.400044918E-1,-1.822973251E0,1.975971990E0
1.324555380E0,5.125155449E-1,-5.143481493E-1,-1.821751475E0,1.961123311E0
1.326771109E0,4.831940532E-1,-4.862483740E-1,-1.818086267E0,1.943026414E0
1.328980953E0,4.538725317E-1,-4.557051361E-1,-1.808312416E0,1.919286649E0
1.331193765E0,4.196641147E-1,-4.214966893E-1,-1.792429924E0,1.888539769E0
1.333406526E0,3.891208768E-1,-3.836230934E-1,-1.777769208E0,1.859850825E0
1.335619338E0,3.561341763E-1,-3.469711840E-1,-1.755778074E0,1.824822512E0
1.337832151E0,3.243691921E-1,-3.139844835E-1,-1.736230373E0,1.793961409E0
1.340044911E0,2.901607752E-1,-2.834412456E-1,-1.715461016E0,1.762764508E0
1.342257671E0,2.510654330E-1,-2.553414702E-1,-1.693469882E0,1.730916913E0
1.344470484E0,2.144135386E-1,-2.321286201E-1,-1.672700524E0,1.702287845E0
1.346683296E0,1.777616441E-1,-2.162461281E-1,-1.653152823E0,1.676685972E0
1.348896057E0,1.386663020E-1,-2.076940238E-1,-1.636048555E0,1.654998497E0
1.351108869E0,1.056796089E-1,-2.076940238E-1,-1.622609615E0,1.639258049E0
1.353321630E0,6.780599058E-2,-2.211330533E-1,-1.607948780E0,1.624498925E0
1.355534442E0,3.359756246E-2,-2.467893660E-1,-1.594509840E0,1.613844917E0
1.357747255E0,6.108647794E-4,-2.785543501E-1,-1.587179422E0,1.611437687E0
1.359960015E0,-2.871064469E-2,-3.213148713E-1,-1.578627348E0,1.611251641E0
1.362172828E0,-5.436696485E-2,-3.689623177E-1,-1.574962139E0,1.618516203E0
1.364385640E0,-8.124501258E-2,-4.214966893E-1,-1.570075154E0,1.627696594E0
1.366598401E0,-1.032361463E-1,-4.752528071E-1,-1.571296930E0,1.644839498E0
1.368811161E0,-1.203403622E-1,-5.277871490E-1,-1.572518706E0,1.663086335E0
1.371023973E0,-1.411097646E-1,-5.803215504E-1,-1.574962139E0,1.684396274E0
1.373236786E0,-1.545487940E-1,-6.316341758E-1,-1.583514214E0,1.711830694E0
1.375449546E0,-1.679878086E-1,-6.841685772E-1,-1.595731497E0,1.744323810E0
1.377662359E0,-1.838703007E-1,-7.330377102E-1,-1.611613989E0,1.780014669E0
1.379875171E0,-1.948658675E-1,-7.806851864E-1,-1.629939914E0,1.817731055E0
1.382087932E0,-2.046397030E-1,-8.271108866E-1,-1.653152823E0,1.859812917E0
1.384300744E0,-2.156352699E-1,-8.710931540E-1,-1.676365614E0,1.901447744E0
1.386513557E0,-2.217439115E-1,-9.162971973E-1,-1.699578524E0,1.943537515E0
1.388726317E0,-2.290742993E-1,-9.602794051E-1,-1.725234866E0,1.987724054E0
1.390939130E0,-2.388481349E-1,-1.004261732E0,-1.748447657E0,2.030433271E0
1.393151890E0,-2.461785078E-1,-1.044578791E0,-1.770438790E0,2.070314521E0
1.395364703E0,-2.522871494E-1,-1.081230640E0,-1.787543058E0,2.104285791E0
1.397577463E0,-2.608392537E-1,-1.110552192E0,-1.803425550E0,2.133941659E0
1.399790276E0,-2.669478953E-1,-1.132543325E0,-1.810755968E0,2.152383037E0
1.402003036E0,-2.742782831E-1,-1.148425817E0,-1.814421058E0,2.164771168E0
1.404215848E0,-2.816086709E-1,-1.155756116E0,-1.816864610E0,2.171652056E0
1.406428661E0,-2.864955962E-1,-1.159421325E0,-1.809534192E0,2.168121659E0
1.408641421E0,-2.913824916E-1,-1.155756116E0,-1.802203774E0,2.160697665E0
1.410854234E0,-2.926042378E-1,-1.150869250E0,-1.792429924E0,2.150098208E0
1.413066994E0,-2.974911332E-1,-1.144760609E0,-1.776547551E0,2.134267796E0
1.415279807E0,-2.999345958E-1,-1.138651967E0,-1.763108492E0,2.120151084E0
1.417492619E0,-2.999345958E-1,-1.134986758E0,-1.747226000E0,2.104983230E0
1.419705432E0,-3.035998046E-1,-1.132543325E0,-1.728900075E0,2.089000406E0
1.421918192E0,-3.048215210E-1,-1.132543325E0,-1.706908941E0,2.071016339E0
1.424130953E0,-3.084867001E-1,-1.127656341E0,-1.688583016E0,2.053797816E0
1.426343765E0,-3.133736253E-1,-1.122769475E0,-1.664148331E0,2.031798216E0
1.428556578E0,-3.194822669E-1,-1.117882490E0,-1.643378973E0,2.013063494E0
1.430769338E0,-3.292561173E-1,-1.110552192E0,-1.618944407E0,1.990657367E0
1.432982151E0,-3.378082216E-1,-1.109330416E0,-1.594509840E0,1.971595799E0
1.435194911E0,-3.488037884E-1,-1.110552192E0,-1.571296930E0,1.955495921E0
1.437407723E0,-3.585776389E-1,-1.115439057E0,-1.551749229E0,1.944404249E0
1.439620536E0,-3.756818473E-1,-1.128878117E0,-1.534645081E0,1.941813116E0
1.441833296E0,-3.927860558E-1,-1.144760609E0,-1.517540812E0,1.941053285E0
1.444046109E0,-4.074468017E-1,-1.165529966E0,-1.501658320E0,1.944080942E0
1.446258869E0,-4.282162189E-1,-1.182634234E0,-1.491884470E0,1.951335987E0
1.448471682E0,-4.465421438E-1,-1.196073294E0,-1.480888963E0,1.955255311E0
1.450684494E0,-4.648680985E-1,-1.207068801E0,-1.472336888E0,1.959819724E0
1.452897255E0,-4.831940532E-1,-1.213177443E0,-1.467449903E0,1.964353639E0
1.455110067E0,-5.002982616E-1,-1.221729517E0,-1.467449903E0,1.973912506E0
1.457322828E0,-5.137372613E-1,-1.232725143E0,-1.469893336E0,1.985981791E0
1.459535640E0,-5.283980370E-1,-1.249829292E0,-1.477223754E0,2.005858361E0
1.461748453E0,-5.430588126E-1,-1.270598769E0,-1.485775828E0,2.029005648E0
1.463961213E0,-5.564978123E-1,-1.296255112E0,-1.497993112E0,2.057656553E0
1.466174026E0,-5.736020207E-1,-1.320689678E0,-1.512653947E0,2.088387528E0
1.468386786E0,-5.882627964E-1,-1.345124245E0,-1.527314663E0,2.118514204E0
1.470599598E0,-6.041452885E-1,-1.362228513E0,-1.541975379E0,2.144375462E0
1.472812359E0,-6.212494969E-1,-1.376889229E0,-1.556636214E0,2.169076114E0
1.475025171E0,-6.359102130E-1,-1.386663079E0,-1.571296930E0,2.190020625E0
1.477237984E0,-6.530144215E-1,-1.396436930E0,-1.581070781E0,2.208222984E0
1.479450744E0,-6.701186895E-1,-1.403767228E0,-1.589622855E0,2.224077856E0
1.481663557E0,-6.847794056E-1,-1.417206287E0,-1.596953273E0,2.242243575E0
1.483876317E0,-7.067705393E-1,-1.431867003E0,-1.600618482E0,2.260917344E0
1.486089130E0,-7.275399566E-1,-1.463631988E0,-1.601840138E0,2.288542071E0
1.488301942E0,-7.483093739E-1,-1.507614255E0,-1.599396706E0,2.321839246E0
1.490514703E0,-7.727439404E-1,-1.550374866E0,-1.593288064E0,2.353584984E0
1.492727463E0,-8.032872081E-1,-1.583361506E0,-1.585957646E0,2.380664961E0
1.494940276E0,-8.362739086E-1,-1.600465775E0,-1.579849005E0,2.399326494E0
1.497153088E0,-8.668171167E-1,-1.601687431E0,-1.570075154E0,2.404560361E0
1.499365848E0,-8.900299668E-1,-1.593135357E0,-1.560301304E0,2.400994329E0
1.501578661E0,-9.107993841E-1,-1.583361506E0,-1.550527573E0,2.395980996E0
1.503791473E0,-9.340122342E-1,-1.583361506E0,-1.540753722E0,2.398610962E0
1.506004234E0,-9.560033679E-1,-1.598022223E0,-1.528536439E0,2.409157759E0
1.508217046E0,-9.755510688E-1,-1.622456908E0,-1.518762589E0,2.427077689E0
1.510429807E0,-9.938769937E-1,-1.654221773E0,-1.506545305E0,2.448248335E0
1.512642619E0,-1.010981202E0,-1.688430309E0,-1.491884470E0,2.469534201E0
1.514855380E0,-1.025641918E0,-1.717751741E0,-1.478445530E0,2.487652221E0
1.517081838E0,-1.039080977E0,-1.737299442E0,-1.465006471E0,2.498828243E0
1.519281005E0,-1.048854828E0,-1.748294950E0,-1.452789187E0,2.503443250E0
1.521493765E0,-1.056185246E0,-1.750738502E0,-1.444237113E0,2.503284525E0
1.523706578E0,-1.056185246E0,-1.744629860E0,-1.435684919E0,2.494083360E0
1.525919338E0,-1.053741693E0,-1.742186308E0,-1.430798054E0,2.488527227E0
1.528132151E0,-1.050076604E0,-1.734856009E0,-1.429576278E0,2.481143805E0
1.530344963E0,-1.039080977E0,-1.728747368E0,-1.430798054E0,2.472941530E0
1.532557723E0,-1.028085470E0,-1.727525592E0,-1.433241487E0,2.468903717E0
1.534770536E0,-1.013424635E0,-1.728747368E0,-1.434463263E0,2.464402931E0
1.536983348E0,-9.938769937E-1,-1.728747368E0,-1.434463263E0,2.456429073E0
1.539196109E0,-9.743293524E-1,-1.727525592E0,-1.434463263E0,2.447722862E0
1.541408921E0,-9.535599351E-1,-1.726303816E0,-1.432019711E0,2.437228316E0
1.543621682E0,-9.303470850E-1,-1.717751741E0,-1.428354621E0,2.420002824E0
1.545834442E0,-9.059124589E-1,-1.700647593E0,-1.427132845E0,2.397829805E0
1.548047255E0,-8.741474748E-1,-1.679878116E0,-1.421024203E0,2.367579793E0
1.550260067E0,-8.423825502E-1,-1.654221773E0,-1.414915562E0,2.334104557E0
1.552481473E0,-8.045089245E-1,-1.631008983E0,-1.407585144E0,2.299721907E0
1.554685640E0,-7.654135823E-1,-1.606574416E0,-1.400254846E0,2.264432145E0
1.556898401E0,-7.250964642E-1,-1.585804939E0,-1.392924428E0,2.231766262E0
1.559111213E0,-6.811142564E-1,-1.568700790E0,-1.380707145E0,2.197974299E0
1.561324026E0,-6.359102130E-1,-1.558926940E0,-1.366046309E0,2.168113817E0
1.563536838E0,-5.931497216E-1,-1.557705164E0,-1.348942161E0,2.144275384E0
1.565749598E0,-5.491674542E-1,-1.567479014E0,-1.331837893E0,2.128935773E0
1.567962411E0,-5.112938285E-1,-1.583361506E0,-1.308625102E0,2.116826563E0
1.570175171E0,-4.746419191E-1,-1.609017849E0,-1.286633968E0,2.114154762E0
1.572387932E0,-4.404335022E-1,-1.642004490E0,-1.263421059E0,2.118110759E0
1.574600796E0,-4.098902643E-1,-1.685986757E0,-1.237764716E0,2.131342973E0
1.576813557E0,-3.817904890E-1,-1.734856009E0,-1.209664941E0,2.149134389E0
1.579026317E0,-3.549124300E-1,-1.795942426E0,-1.177899957E0,2.176883170E0
1.581239130E0,-3.329212964E-1,-1.859472394E0,-1.148578525E0,2.210815868E0
1.583451942E0,-3.084867001E-1,-1.925445795E0,-1.115591764E0,2.246564163E0
1.585664703E0,-2.901607752E-1,-1.997527838E0,-1.083826780E0,2.291067705E0
1.587877515E0,-2.681696415E-1,-2.067166328E0,-1.048396707E0,2.333286789E0
1.590090276E0,-2.437350452E-1,-2.135583162E0,-1.012966514E0,2.376178313E0
1.592303088E0,-2.229656428E-1,-2.195447922E0,-9.775363803E-1,2.413562228E0
1.594515848E0,-2.034179717E-1,-2.251647472E0,-9.396627545E-1,2.448318056E0
1.596728661E0,-1.838703007E-1,-2.300516844E0,-9.030108452E-1,2.478228122E0
1.598941473E0,-1.655443609E-1,-2.344499111E0,-8.700241446E-1,2.506196926E0
1.601154234E0,-1.484401375E-1,-2.383594275E0,-8.345940113E-1,2.529842545E0
1.603367046E0,-1.386663020E-1,-2.416581154E0,-8.016073108E-1,2.549836680E0
1.605579807E0,-1.288924664E-1,-2.449567795E0,-7.722858191E-1,2.571657255E0
1.607792619E0,-1.227838174E-1,-2.478889227E0,-7.441860437E-1,2.591096396E0
1.610005432E0,-1.191186309E-1,-2.508210897E0,-7.148644924E-1,2.610812593E0
1.612218192E0,-1.166751757E-1,-2.531423569E0,-6.904299259E-1,2.626482793E0
1.614430953E0,-1.191186309E-1,-2.557080030E0,-6.635518670E-1,2.644456203E0
1.616643765E0,-1.227838174E-1,-2.582736254E0,-6.391173005E-1,2.663470170E0
1.618856578E0,-1.313359290E-1,-2.605949163E0,-6.134609580E-1,2.680401932E0
1.621070901E0,-1.484401375E-1,-2.624275208E0,-5.902481079E-1,2.693927926E0
1.623282151E0,-1.667660922E-1,-2.638935804E0,-5.658134818E-1,2.704059542E0
1.625494911E0,-1.899789423E-1,-2.647487879E0,-5.438223481E-1,2.709432932E0
1.627707723E0,-2.205221802E-1,-2.656039953E0,-5.230529904E-1,2.716019642E0
1.629920536E0,-2.535088956E-1,-2.663370371E0,-5.047270060E-1,2.722601301E0
1.632133296E0,-2.877173126E-1,-2.664592266E0,-4.876227975E-1,2.724079512E0
1.634346109E0,-3.280344009E-1,-2.663370371E0,-4.717403352E-1,2.724644425E0
1.636558869E0,-3.695732057E-1,-2.659705162E0,-4.534143806E-1,2.723270186E0
1.638775536E0,-4.086685479E-1,-2.647487879E0,-4.375318885E-1,2.714338999E0
1.640984494E0,-4.453204274E-1,-2.629162073E0,-4.240928590E-1,2.700121894E0
1.643197255E0,-4.844157696E-1,-2.609614372E0,-4.106538594E-1,2.685774079E0
1.645410067E0,-5.174024701E-1,-2.592510223E0,-4.021017551E-1,2.674041959E0
1.647622880E0,-5.467239618E-1,-2.574184179E0,-3.947713673E-1,2.661047860E0
1.649835640E0,-5.723803043E-1,-2.559523344E0,-3.923279047E-1,2.651923858E0
1.652048453E0,-5.907062292E-1,-2.550971270E0,-3.947713673E-1,2.648062065E0
1.654261213E0,-6.029235125E-1,-2.541197538E0,-3.996582925E-1,2.642144667E0
1.656479234E0,-6.065887213E-1,-2.559523344E0,-4.106538594E-1,2.662282145E0
1.658686786E0,-6.004800797E-1,-2.557080030E0,-4.216494262E-1,2.660267439E0
1.660899598E0,-5.870410800E-1,-2.539975643E0,-4.289797843E-1,2.641991134E0
1.663112411E0,-5.650499463E-1,-2.504545689E0,-4.338667095E-1,2.603895326E0
1.665325171E0,-5.345066786E-1,-2.480111122E0,-4.326449931E-1,2.573680294E0
1.667537932E0,-4.941896200E-1,-2.464228630E0,-4.277580678E-1,2.549435837E0
1.669750744E0,-4.453204274E-1,-2.449567795E0,-4.167625010E-1,2.524358066E0
1.671963557E0,-3.927860558E-1,-2.431241751E0,-3.984365463E-1,2.494788371E0
1.674176317E0,-3.390299380E-1,-2.409250736E0,-3.788888752E-1,2.462313381E0
1.676389130E0,-2.840521336E-1,-2.394589901E0,-3.532325625E-1,2.437112975E0
1.678601890E0,-2.278525680E-1,-2.386037827E0,-3.263545036E-1,2.419008178E0
1.680814703E0,-1.740964651E-1,-2.384816170E0,-2.970330119E-1,2.409540693E0
1.683027515E0,-1.240055487E-1,-2.393368244E0,-2.664897740E-1,2.411349358E0
1.685240276E0,-7.635809481E-2,-2.397033453E0,-2.359465212E-1,2.409827939E0
1.687453088E0,-2.748891525E-2,-2.394589901E0,-2.054032832E-1,2.403540502E0
1.689665848E0,1.404988952E-2,-2.386037827E0,-1.760817766E-1,2.392567387E0
1.691878661E0,5.558869615E-2,-2.368933678E0,-1.443168074E-1,2.373976456E0
1.694091473E0,9.224057943E-2,-2.349385977E0,-1.174387559E-1,2.354127153E0
1.696304234E0,1.252272725E-1,-2.324951410E0,-9.178243577E-2,2.330129813E0
1.698516994E0,1.545487940E-1,-2.298073292E0,-7.223475724E-2,2.304396677E0
1.700729807E0,1.802051067E-1,-2.272417068E0,-4.902189970E-2,2.280078148E0
1.702942619E0,2.034179717E-1,-2.249204159E0,-2.580903657E-2,2.258531453E0
1.705155380E0,2.229656428E-1,-2.225991249E0,-3.817904973E-3,2.237133276E0
1.707368192E0,2.425133139E-1,-2.204000235E0,1.572976820E-2,2.217358150E0
1.709581005E0,2.620609999E-1,-2.185674191E0,3.649916872E-2,2.201631173E0
1.711793765E0,2.791652083E-1,-2.172235250E0,5.726857483E-2,2.190848896E0
1.714006578E0,2.962694168E-1,-2.166126490E0,7.925970852E-2,2.187729791E0
1.716219338E0,3.145953715E-1,-2.163682938E0,9.636391699E-2,2.188556626E0
1.718432151E0,3.316995800E-1,-2.166126490E0,1.171333194E-1,2.194504225E0
1.720644911E0,3.488037884E-1,-2.173456907E0,1.305723488E-1,2.205136764E0
1.722857723E0,3.683514595E-1,-2.185674191E0,1.476765573E-1,2.221410100E0
1.725070484E0,3.878991306E-1,-2.200335026E0,1.623373181E-1,2.240154764E0
1.727283296E0,4.111120105E-1,-2.222326040E0,1.733328849E-1,2.266669452E0
1.729496109E0,4.331031144E-1,-2.245538950E0,1.855501831E-1,2.294439442E0
1.731708869E0,4.587594569E-1,-2.276082277E0,1.965457499E-1,2.330159008E0
1.733921630E0,4.868592322E-1,-2.310290575E0,2.063195854E-1,2.370030005E0
1.736134442E0,5.198459029E-1,-2.351829290E0,2.209803313E-1,2.418713104E0
1.738347255E0,5.577195287E-1,-2.401920319E0,2.393062711E-1,2.477405857E0
1.740560015E0,6.004800797E-1,-2.463006735E0,2.588539422E-1,2.548329623E0
1.742775119E0,6.505709887E-1,-2.530201912E0,2.832885385E-1,2.627815961E0
1.744985640E0,7.092140317E-1,-2.602283955E0,3.138317764E-1,2.715392551E0
1.747198401E0,7.715222239E-1,-2.674365997E0,3.480401933E-1,2.805104634E0
1.749411213E0,8.411607742E-1,-2.753778458E0,3.871355653E-1,2.905291928E0
1.751623973E0,9.156863093E-1,-2.835634232E0,4.274526238E-1,3.010318697E0
1.753836786E0,9.938769937E-1,-2.921155453E0,4.714348912E-1,3.121408579E0
1.756049598E0,1.075732827E0,-3.003011227E0,5.178605914E-1,3.231633818E0
1.758262359E0,1.158810496E0,-3.081202030E0,5.655080676E-1,3.340126808E0
1.760476005E0,1.245553255E0,-3.152062178E0,6.168206930E-1,3.444904447E0
1.762687932E0,1.332296133E0,-3.215592146E0,6.669116020E-1,3.543983200E0
1.764900744E0,1.410486817E0,-3.270570040E0,7.206677198E-1,3.633932224E0
1.767113505E0,1.487455726E0,-3.320660830E0,7.768672705E-1,3.720596140E0
1.769326317E0,1.564424753E0,-3.365864992E0,8.294016719E-1,3.803206422E0
1.771539078E0,1.636506796E0,-3.404960394E0,8.843795061E-1,3.879953207E0
1.773751890E0,1.701258421E0,-3.439168692E0,9.381355643E-1,3.949969600E0
1.775964703E0,1.758679748E0,-3.469712019E0,9.918916821E-1,4.014437079E0
1.778177463E0,1.809992313E0,-3.499033451E0,1.041982651E0,4.074927620E0
1.780390276E0,1.855196357E0,-3.527133226E0,1.092073560E0,4.132196387E0
1.782603036E0,1.896735191E0,-3.549124479E0,1.137277484E0,4.181780605E0
1.784815848E0,1.930943608E0,-3.567450285E0,1.181259751E0,4.224999332E0
1.787028609E0,1.962708592E0,-3.579667568E0,1.222798586E0,4.261628949E0
1.789241421E0,1.989586592E0,-3.586997986E0,1.258228779E0,4.290471887E0
1.791454234E0,2.015242815E0,-3.588219643E0,1.289993644E0,4.312842150E0
1.793666994E0,2.036012411E0,-3.580889225E0,1.318093419E0,4.324983750E0
1.795879807E0,2.056781769E0,-3.567450285E0,1.342528105E0,4.331216283E0
1.798092567E0,2.075107574E0,-3.539350510E0,1.360854030E0,4.322614621E0
1.800305380E0,2.092211962E0,-3.503920317E0,1.375514746E0,4.306605310E0
1.802518140E0,2.110537767E0,-3.461159945E0,1.387732029E0,4.284833487E0
1.804730953E0,2.123976946E0,-3.414734125E0,1.392619014E0,4.255710861E0
1.806943713E0,2.137415886E0,-3.368308306E0,1.395062447E0,4.226138514E0
1.809156526E0,2.149633169E0,-3.324326038E0,1.392619014E0,4.196600301E0
1.811369338E0,2.159406900E0,-3.275456905E0,1.392619014E0,4.163057028E0
1.813582098E0,2.171624184E0,-3.229031324E0,1.388953805E0,4.131801975E0
1.815794911E0,2.183841705E0,-3.188714266E0,1.384066820E0,4.105204529E0
1.818007671E0,2.193615437E0,-3.149618864E0,1.385288596E0,4.080572529E0
1.820220484E0,2.203389168E0,-3.112967014E0,1.384066820E0,4.057231620E0
1.822433244E0,2.210719585E0,-3.078758478E0,1.385288596E0,4.035475108E0
1.824646057E0,2.213163137E0,-3.049437046E0,1.386510372E0,4.014918229E0
1.826858869E0,2.213163137E0,-3.018893719E0,1.386510372E0,3.991769203E0
1.829081005E0,2.210719585E0,-2.992015600E0,1.387732029E0,3.970546388E0
1.831284442E0,2.205832720E0,-2.970024586E0,1.387732029E0,3.951271215E0
1.833497203E0,2.196058989E0,-2.954142094E0,1.386510372E0,3.933451614E0
1.835710015E0,2.182619810E0,-2.944368124E0,1.384066820E0,3.917751121E0
1.837922828E0,2.172846079E0,-2.943146467E0,1.380401731E0,3.910099762E0
1.840135588E0,2.160628796E0,-2.954142094E0,1.375514746E0,3.909899374E0
1.842348401E0,2.148411512E0,-2.972467899E0,1.373071313E0,3.916192318E0
1.844561161E0,2.134972334E0,-2.992015600E0,1.371849537E0,3.923293944E0
1.846780640E0,2.122755051E0,-3.012785196E0,1.371849537E0,3.932548130E0
1.848986734E0,2.108094454E0,-3.031111002E0,1.376736522E0,3.940444084E0
1.851199546E0,2.093433619E0,-3.049437046E0,1.381623387E0,3.948469805E0
1.853412359E0,2.077551126E0,-3.065319538E0,1.390175581E0,3.955374913E0
1.855625119E0,2.059225082E0,-3.076314926E0,1.395062447E0,3.956048621E0
1.857837932E0,2.038455725E0,-3.084867239E0,1.402392864E0,3.954543383E0
1.860050692E0,2.017686367E0,-3.090975761E0,1.408501506E0,3.950831042E0
1.862263505E0,1.995695233E0,-3.094640970E0,1.412166595E0,3.943832741E0
1.864476265E0,1.972482324E0,-3.094640970E0,1.413388371E0,3.932576247E0
1.866689078E0,1.948047757E0,-3.089754105E0,1.409723163E0,3.915199853E0
1.868901890E0,1.924834967E0,-3.082423687E0,1.406057954E0,3.896578551E0
1.871114651E0,1.904065490E0,-3.076314926E0,1.399949312E0,3.879308829E0
1.873327411E0,1.885739565E0,-3.073871613E0,1.392619014E0,3.865758414E0
1.875540223E0,1.867413640E0,-3.073871613E0,1.385288596E0,3.854211319E0
1.877752984E0,1.853974581E0,-3.073871613E0,1.380401731E0,3.845961177E0
1.879965796E0,1.839313865E0,-3.076314926E0,1.379179955E0,3.840433096E0
1.882178609E0,1.824653149E0,-3.076314926E0,1.380401731E0,3.833872921E0
1.884391369E0,1.816100955E0,-3.075093269E0,1.382845163E0,3.829710438E0
1.886604182E0,1.811214089E0,-3.071428061E0,1.387732029E0,3.826220981E0
1.888816994E0,1.809992313E0,-3.064097643E0,1.393840671E0,3.821983563E0
1.891029755E0,1.814879298E0,-3.055545568E0,1.398727655E0,3.819238752E0
1.893242567E0,1.823431373E0,-3.042106628E0,1.399949312E0,3.813026722E0
1.895455328E0,1.835648656E0,-3.032332659E0,1.399949312E0,3.811102914E0
1.897668140E0,1.858861566E0,-3.022558928E0,1.396284223E0,3.813245130E0
1.899880953E0,1.883296132E0,-3.014006853E0,1.392619014E0,3.817123177E0
1.902093713E0,1.915061116E0,-3.003011227E0,1.386510372E0,3.822034343E0
1.904306473E0,1.952934742E0,-2.988350391E0,1.384066820E0,3.828816153E0
1.906519286E0,1.992030025E0,-2.968802929E0,1.380401731E0,3.832425262E0
1.908732046E0,2.033568859E0,-2.944368124E0,1.380401731E0,3.835389797E0
1.910944859E0,2.073885918E0,-2.921155453E0,1.380401731E0,3.839226604E0
1.913157671E0,2.111759424E0,-2.897942543E0,1.382845163E0,3.843157503E0
1.915370432E0,2.143524408E0,-2.874729633E0,1.384066820E0,3.843749253E0
1.917583244E0,2.174067736E0,-2.845408201E0,1.386510372E0,3.839964761E0
1.919796005E0,2.198502302E0,-2.812421560E0,1.388953805E0,3.830446459E0
1.922008817E0,2.220493555E0,-2.778213024E0,1.393840671E0,3.819928147E0
1.924221630E0,2.232710838E0,-2.742782831E0,1.392619014E0,3.800952915E0
1.926434390E0,2.246149778E0,-2.708574533E0,1.395062447E0,3.785203305E0
1.928647151E0,2.253480196E0,-2.681696415E0,1.392619014E0,3.769490201E0
1.930860015E0,2.255923748E0,-2.660927057E0,1.392619014E0,3.756209855E0
1.933077671E0,2.254701853E0,-2.643822670E0,1.395062447E0,3.744286045E0
1.935285536E0,2.247371435E0,-2.630383730E0,1.396284223E0,3.730845288E0
1.937498348E0,2.243706226E0,-2.614501238E0,1.399949312E0,3.718829443E0
1.939711109E0,2.236376047E0,-2.594953537E0,1.404836297E0,3.702529771E0
1.941923921E0,2.226602077E0,-2.575405836E0,1.413388371E0,3.686209262E0
1.944136734E0,2.218050003E0,-2.554636478E0,1.419497013E0,3.668907892E0
1.946349494E0,2.209497929E0,-2.532645464E0,1.426827431E0,3.651302598E0
1.948562307E0,2.202167511E0,-2.509432554E0,1.436601281E0,3.634641211E0
1.950776942E0,2.191171885E0,-2.493550062E0,1.440266490E0,3.618479474E0
1.952987880E0,2.177732944E0,-2.487441301E0,1.445153356E0,3.608095512E0
1.955200640E0,2.163072109E0,-2.492328405E0,1.445153356E0,3.602644869E0
1.957413453E0,2.145967960E0,-2.505767345E0,1.442709923E0,3.600758309E0
1.959626265E0,2.126420259E0,-2.525315046E0,1.439044714E0,3.601350981E0
1.961839026E0,2.105650902E0,-2.546084404E0,1.432936072E0,3.601335488E0
1.964051838E0,2.087324858E0,-2.561966896E0,1.424383998E0,3.598537093E0
1.966264651E0,2.067777395E0,-2.570518970E0,1.417053580E0,3.590447324E0
1.968477411E0,2.049451351E0,-2.570518970E0,1.409723163E0,3.577029216E0
1.970690171E0,2.032347202E0,-2.565632105E0,1.403614521E0,3.561325171E0
1.972902984E0,2.017686367E0,-2.559523344E0,1.398727655E0,3.546640252E0
1.975115796E0,2.003025532E0,-2.557080030E0,1.395062447E0,3.535105203E0
1.977328557E0,1.993251801E0,-2.557080030E0,1.397505879E0,3.530542976E0
1.979541369E0,1.982256174E0,-2.552193165E0,1.398727655E0,3.521287910E0
1.981754130E0,1.966373682E0,-2.543640852E0,1.403614521E0,3.508114588E0
1.983966942E0,1.954156399E0,-2.528980255E0,1.410944939E0,3.493599001E0
1.986179703E0,1.938273907E0,-2.510654211E0,1.419497013E0,3.474947780E0
1.988392515E0,1.926056623E0,-2.488663197E0,1.424383998E0,3.454273932E0
1.990605328E0,1.913839340E0,-2.465450287E0,1.429270864E0,3.432789149E0
1.992818088E0,1.905287266E0,-2.444680929E0,1.426827431E0,3.412099197E0
1.995030901E0,1.896735191E0,-2.430020094E0,1.424383998E0,3.395802087E0
1.997243661E0,1.891848207E0,-2.427576542E0,1.418275356E0,3.388764154E0
1.999456473E0,1.891848207E0,-2.432463646E0,1.418275356E0,3.392266795E0
2.001669234E0,1.894291639E0,-2.450789452E0,1.420718789E0,3.407807452E0
2.003882046E0,1.899178624E0,-2.474002361E0,1.430492640E0,3.431308252E0
2.006094859E0,1.907730699E0,-2.504545689E0,1.441488147E0,3.462668567E0
2.008307619E0,1.922391415E0,-2.537532330E0,1.462257624E0,3.503263683E0
2.010520432E0,1.938273907E0,-2.570518970E0,1.487913847E0,3.546598530E0
2.012733192E0,1.956599832E0,-2.609614372E0,1.517235398E0,3.597273040E0
2.014946005E0,1.976147532E0,-2.652374983E0,1.552665591E0,3.653905111E0
2.017158765E0,2.000582218E0,-2.702465773E0,1.581987023E0,3.715956594E0
2.019371578E0,2.025016785E0,-2.757443666E0,1.613752007E0,3.782642475E0
2.021584390E0,2.051894903E0,-2.811199665E0,1.646738768E0,3.850307107E0
2.023797151E0,2.081216335E0,-2.864955902E0,1.679725409E0,3.919299836E0
2.026009963E0,2.106872559E0,-2.923598766E0,1.711490393E0,3.989428667E0
2.028222776E0,2.139859438E0,-2.988350391E0,1.743255377E0,4.067944909E0
2.030435536E0,2.172846079E0,-3.053102255E0,1.771355152E0,4.144923707E0
2.032648296E0,2.205832720E0,-3.115410328E0,1.801898360E0,4.221174860E0
2.034861109E0,2.237597704E0,-3.172831774E0,1.833663344E0,4.293719391E0
2.037074494E0,2.268141031E0,-3.225366116E0,1.862984896E0,4.360981889E0
2.039286682E0,2.297462463E0,-3.274235249E0,1.893528104E0,4.425426410E0
2.041499494E0,2.325562239E0,-3.316995859E0,1.924071312E0,4.484724258E0
2.043712255E0,2.347553253E0,-3.352425814E0,1.950949430E0,4.533869075E0
2.045925067E0,2.367100954E0,-3.382969141E0,1.971718788E0,4.575513317E0
2.048137828E0,2.382983446E0,-3.404960394E0,1.990044713E0,4.607889251E0
2.050350640E0,2.395200729E0,-3.420842648E0,2.005927324E0,4.632806426E0
2.052563453E0,2.402531147E0,-3.433060169E0,2.014479399E0,4.649320949E0
2.054776213E0,2.404974699E0,-3.441612244E0,2.021809816E0,4.660076509E0
2.056989026E0,2.406196356E0,-3.447720766E0,2.024253130E0,4.666279044E0
2.059201786E0,2.398865938E0,-3.450164318E0,2.024253130E0,4.664310490E0
2.061414598E0,2.390313864E0,-3.446499109E0,2.023031473E0,4.656674008E0
2.063627359E0,2.382983446E0,-3.437947035E0,2.020587921E0,4.645521011E0
2.065840171E0,2.369544506E0,-3.419620991E0,2.019366264E0,4.624542031E0
2.068052932E0,2.357327223E0,-3.393964767E0,2.019366264E0,4.599329145E0
2.070265744E0,2.346331596E0,-3.357312918E0,2.019366264E0,4.566690497E0
2.072478557E0,2.336557865E0,-3.315773964E0,2.020587921E0,4.531736442E0
2.074691317E0,2.324340582E0,-3.268126488E0,2.023031473E0,4.491755361E0
2.076904078E0,2.315788269E0,-3.219257355E0,2.027918339E0,4.454093175E0
2.079116890E0,2.307236195E0,-3.169166565E0,2.032805204E0,4.415795803E0
2.081329703E0,2.301127672E0,-3.120297194E0,2.041357279E0,4.381618728E0
2.083542463E0,2.295018911E0,-3.071428061E0,2.051131248E0,4.348323991E0
2.085755276E0,2.291353703E0,-3.023780584E0,2.064570189E0,4.319259297E0
2.087968088E0,2.290132046E0,-2.978576660E0,2.076787472E0,4.292979142E0
2.090180848E0,2.286466837E0,-2.937037945E0,2.091448307E0,4.269458807E0
2.092393661E0,2.284023523E0,-2.900385857E0,2.108552456E0,4.251469750E0
2.094606473E0,2.288910389E0,-2.867399216E0,2.125656605E0,4.240224644E0
2.096819234E0,2.288910389E0,-2.840521336E0,2.141539097E0,4.230113702E0
2.099031994E0,2.288910389E0,-2.818530083E0,2.158643484E0,4.224093309E0
2.101244807E0,2.290132046E0,-2.798982382E0,2.174525976E0,4.219901703E0
2.103457567E0,2.287688494E0,-2.787986755E0,2.189186573E0,4.218877415E0
2.105670380E0,2.287688494E0,-2.784321547E0,2.202625751E0,4.223449458E0
2.107883192E0,2.279136419E0,-2.790430307E0,2.213621140E0,4.228602921E0
2.110095953E0,2.273027897E0,-2.803869247E0,2.222173452E0,4.238678264E0
2.112308765E0,2.265697479E0,-2.820973635E0,2.227060318E0,4.248655667E0
2.114521578E0,2.257145405E0,-2.842964649E0,2.230725527E0,4.260667759E0
2.116734338E0,2.252258539E0,-2.864955902E0,2.231947184E0,4.273432938E0
2.118947151E0,2.241262913E0,-2.884503603E0,2.230725527E0,4.280158508E0
2.121159911E0,2.229045630E0,-2.902829409E0,2.225838423E0,4.283622261E0
2.123372723E0,2.218050003E0,-2.919933558E0,2.219729900E0,4.286368933E0
2.125585484E0,2.202167511E0,-2.934594393E0,2.207512617E0,4.281880189E0
2.127798296E0,2.185063362E0,-2.945590019E0,2.198960543E0,4.276263547E0
2.130011057E0,2.166737318E0,-2.956585646E0,2.183078051E0,4.266377745E0
2.132223869E0,2.147189617E0,-2.966359377E0,2.165973902E0,4.254545116E0
2.134436682E0,2.123976946E0,-2.976133108E0,2.146426201E0,4.239786761E0
2.136649442E0,2.100764036E0,-2.988350391E0,2.123213291E0,4.225101452E0
2.138862203E0,2.076329470E0,-3.000567913E0,2.098778725E0,4.209444619E0
2.141075015E0,2.049451351E0,-3.011563301E0,2.071900606E0,4.190768006E0
2.143287828E0,2.020129919E0,-3.021337271E0,2.042579174E0,4.169116630E0
2.145500640E0,1.990808368E0,-3.027445793E0,2.014479399E0,4.145705397E0
2.147713401E0,1.961486816E0,-3.029889345E0,1.982714415E0,4.118108355E0
2.149926161E0,1.932165265E0,-3.033554554E0,1.948505878E0,4.090524539E0
2.152138973E0,1.906508923E0,-3.038441420E0,1.914297462E0,4.065887025E0
2.154351786E0,1.882074356E0,-3.044549942E0,1.878867388E0,4.042478311E0
2.156564546E0,1.858861566E0,-3.055545568E0,1.844658971E0,4.024238035E0
2.158788557E0,1.839313865E0,-3.065319538E0,1.814115644E0,4.008774742E0
2.160990119E0,1.819766164E0,-3.078758478E0,1.786015868E0,3.997518648E0
2.163202932E0,1.803883672E0,-3.092197418E0,1.760359526E0,3.989304054E0
2.165415744E0,1.792888165E0,-3.103193045E0,1.738368392E0,3.983237340E0
2.167628505E0,1.785557747E0,-3.114188671E0,1.718820810E0,3.980041774E0
2.169841317E0,1.783114314E0,-3.121519089E0,1.704159975E0,3.978384006E0
2.172054078E0,1.786779523E0,-3.127627611E0,1.690721035E0,3.979092001E0
2.174266890E0,1.792888165E0,-3.132514477E0,1.679725409E0,3.981026547E0
2.176479651E0,1.802662015E0,-3.134958029E0,1.673616767E0,3.984789237E0
2.178692463E0,1.814879298E0,-3.136179686E0,1.667508125E0,3.988733287E0
2.180905276E0,1.828318238E0,-3.137401581E0,1.663842916E0,3.994297123E0
2.183118036E0,1.839313865E0,-3.138623238E0,1.667508125E0,4.001826417E0
2.185330796E0,1.852752924E0,-3.138623238E0,1.671173334E0,4.009547298E0
2.187543609E0,1.860083222E0,-3.137401581E0,1.678503752E0,4.015043352E0
2.189756421E0,1.871078849E0,-3.137401581E0,1.687055826E0,4.023727389E0
2.191969182E0,1.877187490E0,-3.137401581E0,1.696829677E0,4.030676433E0
2.194181994E0,1.885739565E0,-3.128849506E0,1.711490393E0,4.034217682E0
2.196394807E0,1.890626550E0,-3.115410328E0,1.727372885E0,4.032873336E0
2.198607567E0,1.894291639E0,-3.098306179E0,1.742033601E0,4.027719337E0
2.200820380E0,1.897956848E0,-3.071428061E0,1.757916093E0,4.015741466E0
2.203033140E0,1.901622057E0,-3.048215151E0,1.777463794E0,4.008386158E0
2.205245953E0,1.906508923E0,-3.025002480E0,1.798233151E0,4.002381633E0
2.207458765E0,1.910174131E0,-3.007898092E0,1.821446061E0,4.001734861E0
2.209671526E0,1.911395907E0,-2.995680809E0,1.848324060E0,4.005476208E0
2.211884286E0,1.912617683E0,-2.985907078E0,1.878867388E0,4.012965255E0
2.214097098E0,1.911395907E0,-2.979798317E0,1.914297462E0,4.024570424E0
2.216309911E0,1.911395907E0,-2.977355003E0,1.952171087E0,4.040921811E0
2.218522671E0,1.907730699E0,-2.981020212E0,1.993709922E0,4.062117327E0
2.220735484E0,1.897956848E0,-2.987128735E0,2.032805204E0,4.081357038E0
2.222948244E0,1.890626550E0,-2.995680809E0,2.074344158E0,4.105054926E0
2.225161057E0,1.879630923E0,-3.004232883E0,2.112217665E0,4.125517069E0
2.227376994E0,1.869857073E0,-3.011563301E0,2.146426201E0,4.144034800E0
2.229586630E0,1.858861566E0,-3.017672062E0,2.180634499E0,4.161355285E0
2.231799442E0,1.849087715E0,-3.025002480E0,2.211177826E0,4.178405528E0
2.234012255E0,1.836870432E0,-3.031111002E0,2.236834049E0,4.191080225E0
2.236225015E0,1.829540014E0,-3.042106628E0,2.262490511E0,4.209571560E0
2.238437776E0,1.818544507E0,-3.049437046E0,2.284481525E0,4.221969477E0
2.240650588E0,1.803883672E0,-3.042106628E0,2.302807570E0,4.220347349E0
2.242863401E0,1.786779523E0,-3.043328285E0,2.318690062E0,4.222647477E0
2.245082828E0,1.766010046E0,-3.044549942E0,2.332129002E0,4.222191553E0
2.247288973E0,1.741575480E0,-3.050658703E0,2.339459419E0,4.220506373E0
2.249501734E0,1.718362570E0,-3.055545568E0,2.343124628E0,4.216558035E0
2.251714546E0,1.691484571E0,-3.060432434E0,2.340681076E0,4.207868182E0
2.253927307E0,1.663384795E0,-3.064097643E0,2.334572554E0,4.195923301E0
2.256140119E0,1.636506796E0,-3.068984747E0,2.322355270E0,4.182123369E0
2.258352880E0,1.609628677E0,-3.078758478E0,2.304029226E0,4.168717899E0
2.260565692E0,1.579085469E0,-3.095862627E0,2.284481525E0,4.158934018E0
2.262785588E0,1.553429127E0,-3.119075537E0,2.257603407E0,4.151932971E0
2.264991265E0,1.527772784E0,-3.156949282E0,2.234390736E0,4.158475731E0
2.267204078E0,1.503338218E0,-3.199709654E0,2.208734274E0,4.168533886E0
2.269416838E0,1.478903651E0,-3.246135473E0,2.185521364E0,4.183426246E0
2.271629651E0,1.453247309E0,-3.293782949E0,2.162308693E0,4.199584830E0
2.273842411E0,1.430034399E0,-3.342652082E0,2.146426201E0,4.222021644E0
2.276055223E0,1.408043265E0,-3.389077902E0,2.129321814E0,4.242928970E0
2.278268036E0,1.389717340E0,-3.435503483E0,2.114661217E0,4.266824408E0
2.280480796E0,1.373834848E0,-3.475820541E0,2.103665590E0,4.288841282E0
2.282693609E0,1.359174132E0,-3.512472391E0,2.090226650E0,4.307419653E0
2.284906421E0,1.349400282E0,-3.539350510E0,2.080452681E0,4.321593052E0
2.287119182E0,1.344513416E0,-3.563785076E0,2.068235397E0,4.334267880E0
2.289331942E0,1.342069864E0,-3.593106747E0,2.057239771E0,4.352447942E0
2.291544755E0,1.345735073E0,-3.623649836E0,2.045022488E0,4.373094784E0
2.293757515E0,1.348178625E0,-3.661523581E0,2.038913965E0,4.402443718E0
2.295970328E0,1.357952356E0,-3.700618744E0,2.031583548E0,4.434630244E0
2.298183140E0,1.368947983E0,-3.744601011E0,2.030361891E0,4.474195427E0
2.300395953E0,1.381165266E0,-3.783696413E0,2.031583548E0,4.511242373E0
2.302608713E0,1.392160773E0,-3.820348263E0,2.040135622E0,4.549211561E0
2.304821526E0,1.408043265E0,-3.850891590E0,2.052352905E0,4.585204938E0
2.307034286E0,1.425147533E0,-3.871660948E0,2.067013741E0,4.614471778E0
2.309247046E0,1.444695234E0,-3.880213022E0,2.084117889E0,4.635379682E0
2.311459859E0,1.467908025E0,-3.882656574E0,2.104887247E0,4.654065574E0
2.313672671E0,1.493564367E0,-3.877769709E0,2.123213291E0,4.666461948E0
2.315885484E0,1.521664143E0,-3.863108873E0,2.141539097E0,4.671751452E0
2.318098244E0,1.548542261E0,-3.839895964E0,2.158643484E0,4.669317492E0
2.320311057E0,1.575420260E0,-3.810574532E0,2.174525976E0,4.661651046E0
2.322523817E0,1.602298260E0,-3.775144339E0,2.186743259E0,4.647679052E0
2.324736630E0,1.626732945E0,-3.734827280E0,2.198960543E0,4.629322019E0
2.326949390E0,1.651167512E0,-3.693288565E0,2.207512617E0,4.608670799E0
2.329162203E0,1.671936870E0,-3.648084402E0,2.212399483E0,4.582423395E0
2.331374963E0,1.691484571E0,-3.602880478E0,2.214843035E0,4.554931115E0
2.333587776E0,1.706145287E0,-3.552789450E0,2.217286348E0,4.522123767E0
2.335800588E0,1.722027779E0,-3.502698660E0,2.214843035E0,4.487739658E0
2.338013348E0,1.729358196E0,-3.456272840E0,2.214843035E0,4.454439514E0
2.340226161E0,1.740353703E0,-3.415955782E0,2.206290960E0,4.423268556E0
2.342438921E0,1.746462345E0,-3.389077902E0,2.201403856E0,4.402517312E0
2.344651682E0,1.755014539E0,-3.382969141E0,2.194073677E0,4.397557906E0
2.346864546E0,1.761123180E0,-3.393964767E0,2.189186573E0,4.406028773E0
2.349077984E0,1.762344837E0,-3.422064543E0,2.187964916E0,4.427592521E0
2.351290119E0,1.762344837E0,-3.458716393E0,2.189186573E0,4.456581230E0
2.353502880E0,1.759901404E0,-3.501477003E0,2.194073677E0,4.491275260E0
2.355715692E0,1.751349330E0,-3.550346136E0,2.209956169E0,4.533882269E0
2.357928505E0,1.740353703E0,-3.605324030E0,2.224616766E0,4.579968573E0
2.360141265E0,1.725692987E0,-3.665188789E0,2.244164467E0,4.631187677E0
2.362354026E0,1.709810495E0,-3.722609997E0,2.262490511E0,4.679758587E0
2.364566838E0,1.689041138E0,-3.778809547E0,2.285703182E0,4.728287280E0
2.366779651E0,1.668271661E0,-3.832565546E0,2.307694435E0,4.774635337E0
2.368992411E0,1.643837094E0,-3.888765097E0,2.326020479E0,4.820276511E0
2.371205223E0,1.619402528E0,-3.942521334E0,2.343124628E0,4.863761100E0
2.373417984E0,1.596189618E0,-3.996277332E0,2.352898359E0,4.904506550E0
2.375630796E0,1.571755052E0,-4.048811913E0,2.361450434E0,4.943656541E0
2.377843609E0,1.548542261E0,-4.108676434E0,2.362672329E0,4.986123314E0
2.380056369E0,1.527772784E0,-4.174649715E0,2.362672329E0,5.034283510E0
2.382269182E0,1.504559994E0,-4.249175549E0,2.354120255E0,5.085378628E0
2.384481942E0,1.482568860E0,-4.331031322E0,2.341902733E0,5.142018198E0
2.386694755E0,1.460577726E0,-4.418995857E0,2.323576927E0,5.201905556E0
2.388907515E0,1.437364817E0,-4.509403706E0,2.301585674E0,5.262892362E0
2.391120328E0,1.411708474E0,-4.593703270E0,2.274707794E0,5.316890642E0
2.393333140E0,1.388495684E0,-4.675559044E0,2.245386124E0,5.369406995E0
2.395545953E0,1.367726207E0,-4.748862743E0,2.212399483E0,5.414525261E0
2.397758661E0,1.349400282E0,-4.806283951E0,2.172082424E0,5.444188516E0
2.399971526E0,1.334739566E0,-4.851488113E0,2.129321814E0,5.463742125E0
2.402184286E0,1.323743939E0,-4.882031441E0,2.079231024E0,5.468978941E0
2.404397098E0,1.315191865E0,-4.896692276E0,2.026696682E0,5.460295260E0
2.406609911E0,1.310304999E0,-4.899135590E0,1.970497012E0,5.440706497E0
2.408822671E0,1.305418015E0,-4.890583515E0,1.909410596E0,5.409969698E0
2.411035432E0,1.301752806E0,-4.874701023E0,1.845880628E0,5.372573473E0
2.413248244E0,1.298087597E0,-4.846601009E0,1.778685570E0,5.323372532E0
2.415461005E0,1.295644164E0,-4.809949398E0,1.711490393E0,5.267210493E0
2.417673817E0,1.289535522E0,-4.765966892E0,1.641851783E0,5.203173989E0
2.419886630E0,1.285870314E0,-4.712211132E0,1.574656725E0,5.132050274E0
2.422099390E0,1.278540015E0,-4.649902821E0,1.509904981E0,5.053323051E0
2.424312203E0,1.271209598E0,-4.583929539E0,1.450040221E0,4.973027297E0
2.426525015E0,1.265100956E0,-4.517955780E0,1.393840671E0,4.894404629E0
2.428737776E0,1.258992314E0,-4.455647469E0,1.341306329E0,4.820472869E0
2.430950536E0,1.254105449E0,-4.399447918E0,1.289993644E0,4.753104886E0
2.433163348E0,1.249218464E0,-4.346913815E0,1.239902735E0,4.689729765E0
2.435376161E0,1.245553255E0,-4.296823025E0,1.188590169E0,4.628913221E0
2.437588921E0,1.244331598E0,-4.249175549E0,1.138499260E0,4.571655557E0
2.439801734E0,1.244331598E0,-4.201528072E0,1.087186575E0,4.514772853E0
2.442014546E0,1.243109822E0,-4.157545567E0,1.032208800E0,4.460489006E0
2.444227307E0,1.247996688E0,-4.116006851E0,9.784526825E-1,4.410938424E0
2.446440119E0,1.251661897E0,-4.076911449E0,9.198096395E-1,4.362787440E0
2.448652880E0,1.257770538E0,-4.045146465E0,8.611665964E-1,4.322823679E0
2.450865692E0,1.263879180E0,-4.017046928E0,8.013018966E-1,4.286740176E0
2.453078453E0,1.269987822E0,-3.999942541E0,7.426588535E-1,4.261918766E0
2.455291265E0,1.278540015E0,-3.992612123E0,6.827940941E-1,4.247566823E0
2.457504078E0,1.284648657E0,-3.990168810E0,6.265945435E-1,4.238441934E0
2.459716838E0,1.293200731E0,-3.992612123E0,5.740602016E-1,4.235901889E0
2.461929651E0,1.298087597E0,-3.996277332E0,5.239692926E-1,4.234360370E0
2.464142411E0,1.305418015E0,-3.998720884E0,4.775435328E-1,4.233430374E0
2.466355223E0,1.313970089E0,-4.001164436E0,4.323395491E-1,4.233527102E0
2.468567984E0,1.318857074E0,-4.003607750E0,3.932442069E-1,4.233544614E0
2.470780796E0,1.327409148E0,-4.003607750E0,3.578140438E-1,4.233074645E0
2.472993557E0,1.333517790E0,-4.003607750E0,3.236056268E-1,4.232241169E0
2.475206369E0,1.338404775E0,-4.002386093E0,2.955058515E-1,4.230572714E0
2.477419182E0,1.343291640E0,-3.998720884E0,2.661843300E-1,4.226707376E0
2.479631942E0,1.348178625E0,-3.997499228E0,2.405280024E-1,4.225569713E0
2.481844755E0,1.351843715E0,-3.998720884E0,2.222020626E-1,4.226892936E0
2.484057515E0,1.355508924E0,-4.007272720E0,2.124282271E-1,4.235654005E0
2.486270328E0,1.359174132E0,-4.021933556E0,2.063195854E-1,4.250396643E0
2.488483088E0,1.359174132E0,-4.039037704E0,2.099847645E-1,4.266763821E0
2.490695901E0,1.354287267E0,-4.059807301E0,2.185368687E-1,4.285310687E0
2.492908661E0,1.348178625E0,-4.086685181E0,2.307541668E-1,4.309504479E0
2.495121473E0,1.333517790E0,-4.118450165E0,2.539670467E-1,4.336404123E0
2.497334286E0,1.315191865E0,-4.156323910E0,2.735147178E-1,4.368016528E0
2.499547098E0,1.294422507E0,-4.206414700E0,2.979492843E-1,4.411148153E0
2.501759859E0,1.271209598E0,-4.263836384E0,3.260490894E-1,4.461231059E0
2.503972671E0,1.241888046E0,-4.322479248E0,3.553705812E-1,4.511363543E0
2.506185432E0,1.212566614E0,-4.392117977E0,3.883572817E-1,4.572946479E0
2.508398244E0,1.178358197E0,-4.467864990E0,4.213439822E-1,4.639814260E0
2.510611005E0,1.144149780E0,-4.547277451E0,4.518872201E-1,4.710733806E0
2.512823817E0,1.112384796E0,-4.624246597E0,4.885390997E-1,4.781184684E0
2.515036630E0,1.075732827E0,-4.697550297E0,5.239692926E-1,4.847548218E0
2.517249390E0,1.039080977E0,-4.772075653E0,5.581777096E-1,4.915684863E0
2.519462203E0,1.003650784E0,-4.839270592E0,5.936078429E-1,4.977773099E0
2.521674963E0,9.694424272E-1,-4.901578903E0,6.290380359E-1,5.035968945E0
2.523887776E0,9.364557266E-1,-4.956556797E0,6.632464528E-1,5.087661591E0
2.526100588E0,9.034690261E-1,-5.007869244E0,6.986765862E-1,5.136453992E0
2.528313348E0,8.680388331E-1,-5.059182167E0,7.341067195E-1,5.185337818E0
2.530526109E0,8.362739086E-1,-5.110494614E0,7.658717036E-1,5.234794047E0
2.532738973E0,8.008437157E-1,-5.161807537E0,7.939714789E-1,5.283559256E0
2.534951734E0,7.629700899E-1,-5.213119984E0,8.208495378E-1,5.332216920E0
2.537164546E0,7.250964642E-1,-5.265654564E0,8.403972387E-1,5.381370679E0
2.539384494E0,6.823359728E-1,-5.320632458E0,8.575014472E-1,5.432312662E0
2.541590067E0,6.383537054E-1,-5.374388218E0,8.709404469E-1,5.481795457E0
2.543802880E0,5.955931544E-1,-5.429366112E0,8.782708645E-1,5.532097911E0
2.546015692E0,5.479456782E-1,-5.480679035E0,8.831577301E-1,5.578355916E0
2.548228453E0,4.990765154E-1,-5.530769825E0,8.831577301E-1,5.623029415E0
2.550441265E0,4.440986812E-1,-5.573530197E0,8.831577301E-1,5.660515001E0
2.552654026E0,3.878991306E-1,-5.611403942E0,8.794925809E-1,5.693138602E0
2.554866838E0,3.268126547E-1,-5.639503479E0,8.770490885E-1,5.716644217E0
2.557083609E0,2.583957911E-1,-5.650499344E0,8.770490885E-1,5.723995661E0
2.559292411E0,1.875354946E-1,-5.643168926E0,8.758273721E-1,5.713807721E0
2.561505223E0,1.301141977E-1,-5.641947269E0,8.770490885E-1,5.711191977E0
2.563717984E0,6.414080411E-2,-5.639503479E0,8.819360137E-1,5.708408243E0
2.565930796E0,-6.108647794E-4,-5.630951405E0,8.831577301E-1,5.699787862E0
2.568143609E0,-6.658425927E-2,-5.611403942E0,8.843795061E-1,5.681057540E0
2.570356369E0,-1.325576603E-1,-5.580860615E0,8.831577301E-1,5.651862022E0
2.572569182E0,-1.985310465E-1,-5.540543556E0,8.807142973E-1,5.613616940E0
2.574781942E0,-2.620609999E-1,-5.492896080E0,8.782708645E-1,5.568836775E0
2.576994755E0,-3.292561173E-1,-5.440361500E0,8.746056557E-1,5.520043287E0
2.579207567E0,-3.940077722E-1,-5.382940292E0,8.672752976E-1,5.466576146E0
2.581420328E0,-4.612029195E-1,-5.314523697E0,8.623883724E-1,5.403756468E0
2.583633140E0,-5.283980370E-1,-5.241219997E0,8.526145220E-1,5.336341731E0
2.585845901E0,-5.919279456E-1,-5.160585880E0,8.428406715E-1,5.262357430E0
2.588058713E0,-6.591231227E-1,-5.079951286E0,8.355103135E-1,5.190224065E0
2.590271473E0,-7.238747478E-1,-5.005425930E0,8.220712543E-1,5.123873978E0
2.592484286E0,-7.898481488E-1,-4.934565544E0,8.086322546E-1,5.062379216E0
2.594697046E0,-8.545998335E-1,-4.872257710E0,7.951932549E-1,5.010146542E0
2.596909859E0,-9.169080257E-1,-4.811171055E0,7.768672705E-1,4.958992842E0
2.599122671E0,-9.792162180E-1,-4.753749847E0,7.597630620E-1,4.912661389E0
2.601335432E0,-1.043967962E0,-4.704880714E0,7.402154207E-1,4.875827162E0
2.603548244E0,-1.106276155E0,-4.662119865E0,7.157807946E-1,4.844744649E0
2.605761057E0,-1.172249556E0,-4.623024464E0,6.901245117E-1,4.819003637E0
2.607973869E0,-1.237001181E0,-4.586372852E0,6.656898856E-1,4.796679152E0
2.610186630E0,-1.304196358E0,-4.550942421E0,6.351466775E-1,4.776548582E0
2.612399442E0,-1.372613192E0,-4.514290810E0,6.058251262E-1,4.757090768E0
2.614612203E0,-1.439808249E0,-4.473973751E0,5.752819180E-1,4.735022514E0
2.616825015E0,-1.508225083E0,-4.427547932E0,5.471821427E-1,4.709281462E0
2.619037776E0,-1.572976828E0,-4.381122112E0,5.251910090E-1,4.684475708E0
2.621250588E0,-1.636506796E0,-4.332252979E0,5.044215918E-1,4.658434449E0
2.623463348E0,-1.693928003E0,-4.277275085E0,4.860956371E-1,4.626095892E0
2.625676161E0,-1.751349330E0,-4.222297192E0,4.714348912E-1,4.595352969E0
2.627888921E0,-1.802662015E0,-4.170984745E0,4.592176080E-1,4.567010499E0
2.630101734E0,-1.855196357E0,-4.123337269E0,4.531089365E-1,4.544113936E0
2.632314546E0,-1.900400281E0,-4.086685181E0,4.445568323E-1,4.528813064E0
2.634527307E0,-1.941939116E0,-4.056142330E0,4.433351159E-1,4.518845445E0
2.636740119E0,-1.982256174E0,-4.029263973E0,4.396699369E-1,4.511941640E0
2.638952880E0,-2.020129919E0,-4.003607750E0,4.347830117E-1,4.505422974E0
2.641165692E0,-2.055559874E0,-3.981616735E0,4.323395491E-1,4.501723637E0
2.643380640E0,-2.090990067E0,-3.964512348E0,4.298960865E-1,4.502711212E0
2.645591317E0,-2.121533394E0,-3.951073408E0,4.286743701E-1,4.505069004E0
2.647804078E0,-2.154520035E0,-3.936412573E0,4.274526238E-1,4.507772872E0
2.650016890E0,-2.186285019E0,-3.924195290E0,4.237874448E-1,4.512066783E0
2.652229651E0,-2.216828346E0,-3.915643215E0,4.237874448E-1,4.519533771E0
2.654442463E0,-2.244928122E0,-3.904647589E0,4.237874448E-1,4.523888909E0
2.656655223E0,-2.273027897E0,-3.893652201E0,4.262309074E-1,4.528670452E0
2.658868036E0,-2.299905777E0,-3.886321783E0,4.286743701E-1,4.536168571E0
2.661080796E0,-2.324340582E0,-3.880213022E0,4.311178327E-1,4.543619133E0
2.663293609E0,-2.346331596E0,-3.872882605E0,4.347830117E-1,4.549013948E0
2.665506421E0,-2.368322849E0,-3.866774082E0,4.408916533E-1,4.555796349E0
2.667719182E0,-2.390313864E0,-3.861887217E0,4.470002949E-1,4.563724631E0
2.669931994E0,-2.411083221E0,-3.860665321E0,4.543306828E-1,4.574327862E0
2.672144755E0,-2.434296131E0,-3.863108873E0,4.616610706E-1,4.589394161E0
2.674357567E0,-2.458730698E0,-3.863108873E0,4.689914286E-1,4.603142380E0
2.676570328E0,-2.474613190E0,-3.866774082E0,4.763218164E-1,4.615466901E0
2.678783140E0,-2.496604443E0,-3.867995739E0,4.848739207E-1,4.629203765E0
2.680995953E0,-2.518595457E0,-3.866774082E0,4.909825623E-1,4.640725025E0
2.683208713E0,-2.539364815E0,-3.866774082E0,4.995346665E-1,4.652939968E0
2.685421526E0,-2.557690859E0,-3.867995739E0,5.044215918E-1,4.664505838E0
2.687634286E0,-2.578460217E0,-3.867995739E0,5.105302334E-1,4.676589489E0
2.689847098E0,-2.599229574E0,-3.869217396E0,5.154171586E-1,4.689615387E0
2.692059859E0,-2.622442484E0,-3.870439291E0,5.239692926E-1,4.704471140E0
2.694272671E0,-2.644433737E0,-3.871660948E0,5.264127254E-1,4.718039703E0
2.696485484E0,-2.668868303E0,-3.864330530E0,5.288561583E-1,4.726055152E0
2.698698296E0,-2.694524527E0,-3.857000113E0,5.288561583E-1,4.734617316E0
2.700911057E0,-2.720180750E0,-3.850891590E0,5.239692926E-1,4.743763608E0
2.703123817E0,-2.744615555E0,-3.842339516E0,5.154171586E-1,4.749962352E0
2.705336630E0,-2.765384912E0,-3.827678680E0,5.019781590E-1,4.748732448E0
2.707549390E0,-2.789819479E0,-3.805687666E0,4.848739207E-1,4.743569759E0
2.709762203E0,-2.809367180E0,-3.777587891E0,4.604393244E-1,4.730192236E0
2.711975015E0,-2.827692986E0,-3.745822906E0,4.360047281E-1,4.713505807E0
2.714187776E0,-2.844797373E0,-3.710392714E0,4.091266990E-1,4.693321940E0
2.716400588E0,-2.858236313E0,-3.666410446E0,3.773617148E-1,4.664170049E0
2.718613401E0,-2.871675253E0,-3.618762970E0,3.431532979E-1,4.632463532E0
2.720826161E0,-2.882670879E0,-3.567450285E0,3.089448512E-1,4.596948972E0
2.723038973E0,-2.894888163E0,-3.508807182E0,2.710712552E-1,4.556927138E0
2.725251734E0,-2.907105446E0,-3.446499109E0,2.319758981E-1,4.514801325E0
2.727464546E0,-2.918101072E0,-3.386634350E0,1.916588247E-1,4.474521113E0
2.729677359E0,-2.930318356E0,-3.336543322E0,1.525634825E-1,4.443260359E0
2.731890119E0,-2.938870430E0,-3.288896084E0,1.110246703E-1,4.412042988E0
2.734102932E0,-2.946200848E0,-3.249800682E0,7.070759684E-2,4.387060915E0
2.736315692E0,-2.953531265E0,-3.208261728E0,2.672533318E-2,4.360849057E0
2.738528505E0,-2.962083340E0,-3.164279461E0,-1.725693047E-2,4.334385772E0
2.740741317E0,-2.964526892E0,-3.119075537E0,-6.246092543E-2,4.303597712E0
2.742954078E0,-2.965748549E0,-3.073871613E0,-1.003345400E-1,4.272518948E0
2.745166890E0,-2.966970205E0,-3.033554554E0,-1.418733448E-1,4.245644059E0
2.747379703E0,-2.960861683E0,-2.989572287E0,-1.760817766E-1,4.211323919E0
2.749592463E0,-2.955974579E0,-2.948033333E0,-2.054032832E-1,4.179817789E0
2.751805276E0,-2.949866056E0,-2.911381483E0,-2.335030586E-1,4.151189657E0
2.754018036E0,-2.943757296E0,-2.882060051E0,-2.554942071E-1,4.127620918E0
2.756230796E0,-2.937648773E0,-2.858847141E0,-2.738201320E-1,4.108255683E0
2.758443609E0,-2.929096699E0,-2.846629858E0,-2.872591615E-1,4.094560641E0
2.760656421E0,-2.919322729E0,-2.842964649E0,-2.994764447E-1,4.085900064E0
2.762869182E0,-2.914435863E0,-2.842964649E0,-3.068068326E-1,4.082954179E0
2.765081994E0,-2.903440237E0,-2.849073410E0,-3.104720116E-1,4.079654076E0
2.767294807E0,-2.893666506E0,-2.856403828E0,-3.092502952E-1,4.077742564E0
2.769507567E0,-2.883892536E0,-2.866177559E0,-3.031416535E-1,4.077217779E0
2.771720380E0,-2.869231939E0,-2.882060051E0,-2.982547283E-1,4.077709889E0
2.773933192E0,-2.857014656E0,-2.901607752E0,-2.848156989E-1,4.082031390E0
2.776145953E0,-2.838688612E0,-2.923598766E0,-2.652680278E-1,4.083619707E0
2.778358765E0,-2.821584463E0,-2.951698542E0,-2.383899838E-1,4.090316974E0
2.780571578E0,-2.800815105E0,-2.982241869E0,-2.078467458E-1,4.096526833E0
2.782784338E0,-2.780045509E0,-3.015228510E0,-1.687513888E-1,4.104720823E0
2.784997151E0,-2.758054495E0,-3.046993494E0,-1.308777779E-1,4.111953665E0
2.787209911E0,-2.736063242E0,-3.075093269E0,-8.567378670E-2,4.116986844E0
2.789422723E0,-2.715293884E0,-3.104414701E0,-3.802633286E-2,4.124519065E0
2.791635536E0,-2.694524527E0,-3.132514477E0,1.328630932E-2,4.131983289E0
2.793848296E0,-2.674976826E0,-3.158170938E0,6.582067907E-2,4.139308766E0
2.796061109E0,-2.659094334E0,-3.182605505E0,1.195767820E-1,4.148982897E0
2.798273869E0,-2.641990185E0,-3.209483624E0,1.757763475E-1,4.160744475E0
2.800486682E0,-2.630994558E0,-3.237583399E0,2.283107042E-1,4.178062279E0
2.802699494E0,-2.621220827E0,-3.266904831E0,2.796233594E-1,4.197815506E0
2.804912255E0,-2.613890409E0,-3.301113367E0,3.284925222E-1,4.223467754E0
2.807125067E0,-2.607781649E0,-3.340208530E0,3.761399984E-1,4.254291886E0
2.809337880E0,-2.600451469E0,-3.381747484E0,4.250091612E-1,4.287096532E0
2.811550640E0,-2.594342709E0,-3.426951408E0,4.726566374E-1,4.324120066E0
2.813763453E0,-2.590677500E0,-3.475820541E0,5.178605914E-1,4.365904023E0
2.815976213E0,-2.583347082E0,-3.519802809E0,5.630646348E-1,4.402242127E0
2.818189026E0,-2.578460217E0,-3.560119867E0,6.082686186E-1,4.437668450E0
2.820401786E0,-2.573573351E0,-3.597993612E0,6.461422443E-1,4.470608194E0
2.822614598E0,-2.572351694E0,-3.627315044E0,6.827940941E-1,4.498957151E0
2.824827411E0,-2.573573351E0,-3.655414820E0,7.145590782E-1,4.527243308E0
2.827040223E0,-2.572351694E0,-3.677406073E0,7.389936447E-1,4.548232653E0
2.829252984E0,-2.572351694E0,-3.698175430E0,7.634282708E-1,4.569060897E0
2.831465744E0,-2.576016665E0,-3.711614370E0,7.793107629E-1,4.584677563E0
2.833683921E0,-2.577238560E0,-3.712836027E0,7.927497625E-1,4.588655810E0
2.835891317E0,-2.582125425E0,-3.709171057E0,8.025236130E-1,4.590137884E0
2.838104130E0,-2.587012291E0,-3.706727505E0,8.074105382E-1,4.591772334E0
2.840316890E0,-2.595564365E0,-3.700618744E0,8.098539710E-1,4.592101580E0
2.842529703E0,-2.610225201E0,-3.692066669E0,8.086322546E-1,4.593312314E0
2.844742515E0,-2.622442484E0,-3.679849386E0,8.037453294E-1,4.589608114E0
2.846955276E0,-2.638324976E0,-3.666410446E0,7.976366878E-1,4.586888763E0
2.849168088E0,-2.657872677E0,-3.643197536E0,7.903063297E-1,4.578401419E0
2.851388453E0,-2.682307243E0,-3.618762970E0,7.829759121E-1,4.572009280E0
2.853593661E0,-2.705520153E0,-3.586997986E0,7.805324793E-1,4.560222012E0
2.855806473E0,-2.729954720E0,-3.546680927E0,7.780889869E-1,4.542798790E0
2.858019234E0,-2.759276152E0,-3.497811794E0,7.780889869E-1,4.522578324E0
2.860232046E0,-2.791041136E0,-3.440390348E0,7.793107629E-1,4.498168698E0
2.862444859E0,-2.825249672E0,-3.387856007E0,7.829759121E-1,4.480251702E0
2.864657619E0,-2.858236313E0,-3.338986874E0,7.878628373E-1,4.465319251E0
2.866870432E0,-2.894888163E0,-3.292561054E0,7.951932549E-1,4.455745514E0
2.869092463E0,-2.933983564E0,-3.247357130E0,8.025236130E-1,4.449453004E0
2.871296005E0,-2.977965832E0,-3.204596519E0,8.135191798E-1,4.449666595E0
2.873508817E0,-3.019504547E0,-3.164279461E0,8.232930303E-1,4.450604861E0
2.875721630E0,-3.068373680E0,-3.123962402E0,8.342885971E-1,4.457588540E0
2.877934390E0,-3.117243052E0,-3.088532209E0,8.465058804E-1,4.469094724E0
2.880147203E0,-3.169777393E0,-3.050658703E0,8.587231636E-1,4.482344556E0
2.882359963E0,-3.219868183E0,-3.017672062E0,8.684970140E-1,4.497575219E0
2.884572776E0,-3.272402525E0,-2.984685421E0,8.782708645E-1,4.515343294E0
2.886798296E0,-3.321271896E0,-2.959028959E0,8.831577301E-1,4.535048728E0
2.888998348E0,-3.368919373E0,-2.938259602E0,8.856012225E-1,4.557112765E0
2.891211161E0,-3.412901640E0,-2.918711901E0,8.880446553E-1,4.577706857E0
2.893423921E0,-3.451996803E0,-2.895498991E0,8.892664313E-1,4.592492909E0
2.895636734E0,-3.486205339E0,-2.872286081E0,8.892664313E-1,4.603743019E0
2.897849494E0,-3.513083458E0,-2.849073410E0,8.868229389E-1,4.609276473E0
2.900062307E0,-3.538739681E0,-2.819751740E0,8.868229389E-1,4.610871211E0
2.902275119E0,-3.554622173E0,-2.784321547E0,8.843795061E-1,4.601077307E0
2.904487880E0,-3.569283009E0,-2.746448040E0,8.819360137E-1,4.589179574E0
2.906700692E0,-3.576613188E0,-2.709796190E0,8.807142973E-1,4.572834456E0
2.908913505E0,-3.580278397E0,-2.674365997E0,8.782708645E-1,4.554337119E0
2.911126265E0,-3.582721949E0,-2.642601013E0,8.770490885E-1,4.537449920E0
2.913339078E0,-3.581500292E0,-2.613279581E0,8.770490885E-1,4.519467846E0
2.915551838E0,-3.579056740E0,-2.590066671E0,8.819360137E-1,4.505097517E0
2.917764651E0,-3.572947979E0,-2.574184179E0,8.868229389E-1,4.492085971E0
2.919977463E0,-3.568061113E0,-2.565632105E0,8.917098641E-1,4.484269694E0
2.922190223E0,-3.557065725E0,-2.560745239E0,9.002619982E-1,4.474439006E0
2.924403036E0,-3.544848204E0,-2.561966896E0,9.112575054E-1,4.467663081E0
2.926615848E0,-3.528965950E0,-2.566853762E0,9.259182811E-1,4.460903896E0
2.928828661E0,-3.510639906E0,-2.569297314E0,9.430224895E-1,4.451423666E0
2.931041369E0,-3.489870548E0,-2.571740627E0,9.625701904E-1,4.440674236E0
2.933254234E0,-3.462992430E0,-2.568075418E0,9.845613241E-1,4.422294532E0
2.935466994E0,-3.434892654E0,-2.559523344E0,1.013882875E0,4.402000202E0
2.937681109E0,-3.406792879E0,-2.544862747E0,1.044426084E0,4.378742967E0
2.939892567E0,-3.375027895E0,-2.526536703E0,1.076191068E0,4.351136428E0
2.942105380E0,-3.345706463E0,-2.504545689E0,1.107956052E0,4.323663661E0
2.944318192E0,-3.317606688E0,-2.486219645E0,1.137277484E0,4.298976893E0
2.946530953E0,-3.291950226E0,-2.469115496E0,1.162933826E0,4.276199563E0
2.948743713E0,-3.265072346E0,-2.458119869E0,1.183703184E0,4.254903517E0
2.950956526E0,-3.241859436E0,-2.447124243E0,1.203250885E0,4.236258060E0
2.953169338E0,-3.218646526E0,-2.434906960E0,1.220355153E0,4.216363844E0
2.955385484E0,-3.196655273E0,-2.422689676E0,1.235015869E0,4.196819558E0
2.957594911E0,-3.177107811E0,-2.403141975E0,1.248454928E0,4.174655088E0
2.959807723E0,-3.153894901E0,-2.378707409E0,1.259450436E0,4.146265475E0
2.962020484E0,-3.133125544E0,-2.353051186E0,1.269224286E0,4.118768729E0
2.964233296E0,-3.109912634E0,-2.321286201E0,1.277776361E0,4.085662571E0
2.966446057E0,-3.086699724E0,-2.282190800E0,1.285106778E0,4.048161245E0
2.968658869E0,-3.061043501E0,-2.234543324E0,1.293658853E0,4.004587920E0
2.970871682E0,-3.032943726E0,-2.180787325E0,1.299767494E0,3.955246710E0
2.973089182E0,-3.004843950E0,-2.122144222E0,1.307097912E0,3.903983634E0
2.975297255E0,-2.974300623E0,-2.061057806E0,1.310763121E0,3.848704124E0
2.977510067E0,-2.942535639E0,-2.001193047E0,1.314428329E0,3.793548659E0
2.979722880E0,-2.908327103E0,-1.941328287E0,1.315649986E0,3.736048305E0
2.981935640E0,-2.872897148E0,-1.879020095E0,1.315649986E0,3.676301052E0
2.984148453E0,-2.833801746E0,-1.813046694E0,1.313206553E0,3.611382298E0
2.986361213E0,-2.792262793E0,-1.740964651E0,1.309541345E0,3.541551631E0
2.988573973E0,-2.749502420E0,-1.668882608E0,1.307097912E0,3.471806111E0
2.990786786E0,-2.709185362E0,-1.596800566E0,1.300989270E0,3.403238230E0
2.992999598E0,-2.666424751E0,-1.535714030E0,1.293658853E0,3.337932259E0
2.995212359E0,-2.622442484E0,-1.480736256E0,1.283885002E0,3.273857837E0
2.997425171E0,-2.573573351E0,-1.435532212E0,1.271667719E0,3.209543786E0
2.999637984E0,-2.522260666E0,-1.397658587E0,1.260672212E0,3.147148363E0
3.001850744E0,-2.470947981E0,-1.354898095E0,1.255785227E0,3.085178975E0
3.004063557E0,-2.413526773E0,-1.309694052E0,1.253341794E0,3.018488968E0
3.006276369E0,-2.354883671E0,-1.262046576E0,1.253341794E0,2.951119163E0
3.008489130E0,-2.295018911E0,-1.214399219E0,1.259450436E0,2.885843493E0
3.010701942E0,-2.235154152E0,-1.175303817E0,1.263115644E0,2.823599525E0
3.012914703E0,-2.175289392E0,-1.141095400E0,1.269224286E0,2.764943569E0
3.015127515E0,-2.116646528E0,-1.120326042E0,1.276554704E0,2.713837666E0
3.017340328E0,-2.060446978E0,-1.117882490E0,1.280219913E0,2.670967247E0
3.019553088E0,-2.005469084E0,-1.134986758E0,1.286328554E0,2.639079828E0
3.021765901E0,-1.952934742E0,-1.170416951E0,1.291215420E0,2.617454337E0
3.023978713E0,-1.900400281E0,-1.215620875E0,1.297324061E0,2.602365282E0
3.026191473E0,-1.850309372E0,-1.266933560E0,1.305876136E0,2.595010193E0
3.028404286E0,-1.800218463E0,-1.317024469E0,1.321758628E0,2.592756417E0
3.030617046E0,-1.753792763E0,-1.357341528E0,1.338862896E0,2.590505536E0
3.032829859E0,-1.711032271E0,-1.391549945E0,1.363297462E0,2.592802085E0
3.035042671E0,-1.674380302E0,-1.414762855E0,1.388953805E0,2.595052216E0
3.037255484E0,-1.642615438E0,-1.428201914E0,1.420718789E0,2.599305303E0
3.039468244E0,-1.620624304E0,-1.429423571E0,1.456148863E0,2.605771362E0
3.041681057E0,-1.603520036E0,-1.415984511E0,1.494022489E0,2.609289527E0
3.043893817E0,-1.591302752E0,-1.389106512E0,1.535561323E0,2.611476580E0
3.046106630E0,-1.586415887E0,-1.356119752E0,1.579543591E0,2.617390705E0
3.048319390E0,-1.586415887E0,-1.314581037E0,1.622304082E0,2.622348032E0
3.050532203E0,-1.593746185E0,-1.268155336E0,1.666286349E0,2.631492933E0
3.052745015E0,-1.613293886E0,-1.220507860E0,1.707825184E0,2.647456035E0
3.054957828E0,-1.640171885E0,-1.171638608E0,1.746920586E0,2.667326822E0
3.057170588E0,-1.674380302E0,-1.122769475E0,1.786015868E0,2.693327565E0
3.059383348E0,-1.715919137E0,-1.075121999E0,1.821446061E0,2.723587992E0
3.061596161E0,-1.766010046E0,-1.028696299E0,1.856876254E0,2.761339708E0
3.063808973E0,-1.824653149E0,-9.798271060E-1,1.887419462E0,2.802101443E0
3.066021786E0,-1.885739565E0,-9.285144806E-1,1.916741014E0,2.844652696E0
3.068234546E0,-1.952934742E0,-8.747583628E-1,1.944840789E0,2.891636560E0
3.070447359E0,-2.027460098E0,-8.185588121E-1,1.972940564E0,2.945017394E0
3.072660119E0,-2.103207350E0,-7.623592615E-1,2.002262115E0,3.002286858E0
3.074872932E0,-2.182619810E0,-6.976075768E-1,2.031583548E0,3.062322203E0
3.077086057E0,-2.263253927E0,-6.316341758E-1,2.062126875E0,3.126283308E0
3.079298505E0,-2.341444731E0,-5.595521331E-1,2.093891859E0,3.190586958E0
3.081511317E0,-2.420857191E0,-4.862483740E-1,2.128100157E0,3.259723500E0
3.083724130E0,-2.496604443E0,-4.141663313E-1,2.162308693E0,3.328685383E0
3.085936890E0,-2.569908142E0,-3.445277214E-1,2.197738647E0,3.398997260E0
3.088149703E0,-2.641990185E0,-2.761108875E-1,2.233168840E0,3.470359121E0
3.090362515E0,-2.710407019E0,-2.162461281E-1,2.267377377E0,3.540348678E0
3.092575276E0,-2.775158644E0,-1.661552191E-1,2.301585674E0,3.609211780E0
3.094788088E0,-2.835023403E0,-1.197294965E-1,2.337015867E0,3.676048968E0
3.097000901E0,-2.892444849E0,-7.330377400E-2,2.370002747E0,3.740123483E0
3.099213661E0,-2.941313982E0,-2.321286127E-2,2.405432701E0,3.799733314E0
3.101426473E0,-2.990183115E0,3.176496923E-2,2.444528103E0,3.862372551E0
3.103639234E0,-3.032943726E0,9.285144508E-2,2.482401848E0,3.920419361E0
3.105852046E0,-3.074482441E0,1.527161896E-1,2.525162220E0,3.981483235E0
3.108064807E0,-3.116021156E0,2.101374865E-1,2.569144487E0,4.044038700E0
3.110277619E0,-3.156338215E0,2.602283955E-1,2.613126755E0,4.105925131E0
3.112490432E0,-3.196655273E0,3.017672002E-1,2.658330917E0,4.168499928E0
3.114703192E0,-3.238194227E0,3.286452591E-1,2.702313185E0,4.230414413E0
3.116916005E0,-3.279732943E0,3.408625424E-1,2.743851900E0,4.289703801E0
3.119128817E0,-3.321271896E0,3.359756172E-1,2.785390615E0,4.347657703E0
3.121341578E0,-3.355480194E0,3.200931549E-1,2.833038092E0,4.403159296E0
3.123554390E0,-3.378693104E0,2.968802750E-1,2.891681194E0,4.457075848E0
3.125767203E0,-3.397019148E0,2.687804997E-1,2.963763237E0,4.516179201E0
3.127979963E0,-3.412901640E0,2.333503515E-1,3.044397354E0,4.579378259E0
3.130192776E0,-3.428783894E0,1.930332631E-1,3.126253128E0,4.644058511E0
3.132405588E0,-3.447109938E0,1.478292793E-1,3.210552454E0,4.712968012E0
3.134618348E0,-3.462992430E0,1.001818255E-1,3.289964914E0,4.777679573E0
3.136831109E0,-3.472766161E0,4.398226365E-2,3.364490509E0,4.835476774E0
3.139043921E0,-3.481318474E0,-1.343902480E-2,3.437794209E0,4.892666752E0
3.141256734E0,-3.484983683E0,-6.963858753E-2,3.508654594E0,4.945767672E0
3.143469546E0,-3.488648653E0,-1.185077652E-1,3.578293085E0,4.998889368E0
3.145689963E0,-3.491092205E0,-1.514944583E-1,3.645488262E0,5.049778215E0
3.147895119E0,-3.494757414E0,-1.759290546E-1,3.710239887E0,5.100015729E0
3.150107880E0,-3.503309488E0,-1.857028902E-1,3.773769855E0,5.152572353E0
3.152320692E0,-3.513083458E0,-1.918115467E-1,3.832412958E0,5.202493261E0
3.154533453E0,-3.524078846E0,-1.905898154E-1,3.887390852E0,5.250453678E0
3.156746317E0,-3.537518024E0,-1.893680841E-1,3.938703299E0,5.297478430E0
3.158959078E0,-3.552178621E0,-1.844811589E-1,3.982685566E0,5.339830575E0
3.161171890E0,-3.570504665E0,-1.783725172E-1,4.021780968E0,5.380988986E0
3.163390015E0,-3.588830471E0,-1.661552191E-1,4.054767609E0,5.417421164E0
3.165597463E0,-3.610821724E0,-1.551596522E-1,4.081645966E0,5.451783362E0
3.167810223E0,-3.634034634E0,-1.478292793E-1,4.104858398E0,5.484334389E0
3.170023036E0,-3.656025648E0,-1.295033395E-1,4.123184681E0,5.512163511E0
3.172235848E0,-3.678016901E0,-1.001818255E-1,4.132958412E0,5.533460939E0
3.174448661E0,-3.700007915E0,-6.475166976E-2,4.137845516E0,5.551217602E0
3.176661421E0,-3.726886034E0,-2.443459071E-2,4.137845516E0,5.568845668E0
3.178874234E0,-3.752542257E0,1.710421406E-2,4.131736755E0,5.581497520E0
3.181086994E0,-3.780642033E0,6.352993846E-2,4.120740891E0,5.592655516E0
3.183299807E0,-3.811185360E0,1.075121984E-1,4.109745502E0,5.605952267E0
3.185512567E0,-3.841728687E0,1.490510106E-1,4.095084667E0,5.617011122E0
3.187725380E0,-3.873493671E0,1.881463528E-1,4.080423832E0,5.629317092E0
3.189938192E0,-3.901593447E0,2.235765159E-1,4.065763474E0,5.639401609E0
3.192151005E0,-3.926028013E0,2.651153207E-1,4.052324295E0,5.648478936E0
3.194363765E0,-3.946797371E0,3.029889166E-1,4.042550564E0,5.657846484E0
3.196576578E0,-3.963901520E0,3.371973634E-1,4.032776356E0,5.664759700E0
3.198789338E0,-3.979784012E0,3.591884971E-1,4.025446415E0,5.672029266E0
3.201002151E0,-3.994444847E0,3.824013472E-1,4.019337654E0,5.679515437E0
3.203214963E0,-3.999331713E0,4.007273018E-1,4.024224281E0,5.687672422E0
3.205427723E0,-3.995666504E0,4.178315103E-1,4.030333042E0,5.690651844E0
3.207640536E0,-3.985892773E0,4.251618981E-1,4.042550564E0,5.693006139E0
3.209853348E0,-3.951684237E0,4.043924809E-1,4.055989265E0,5.677181564E0
3.212066109E0,-3.952905893E0,3.640754223E-1,4.076758862E0,5.690165088E0
3.214278921E0,-3.943132162E0,3.811796308E-1,4.102415085E0,5.702928957E0
3.216491734E0,-3.926028013E0,3.958403766E-1,4.130515099E0,5.712402344E0
3.218704494E0,-3.906480312E0,3.909534514E-1,4.158614635E0,5.719047886E0
3.220917307E0,-3.883267403E0,3.652971387E-1,4.184270859E0,5.720256143E0
3.223130119E0,-3.856389284E0,3.262017965E-1,4.211149216E0,5.719433857E0
3.225342880E0,-3.827067852E0,2.834412456E-1,4.233139992E0,5.713690705E0
3.227555692E0,-3.795302868E0,2.382372618E-1,4.252687931E0,5.704948334E0
3.229768453E0,-3.763537884E0,1.954767257E-1,4.269792080E0,5.695046353E0
3.231981265E0,-3.730551243E0,1.576031148E-1,4.283231258E0,5.682246152E0
3.234194026E0,-3.698786259E0,1.233946830E-1,4.296669960E0,5.670768800E0
3.236406838E0,-3.668242931E0,9.407317638E-2,4.306444168E0,5.657766109E0
3.238619651E0,-3.636477947E0,7.330377400E-2,4.311330795E0,5.640648769E0
3.240832463E0,-3.605934858E0,6.108647957E-2,4.312552452E0,5.621797436E0
3.243045223E0,-3.576613188E0,5.497783050E-2,4.310109138E0,5.601091433E0
3.245258036E0,-3.548513412E0,5.619955808E-2,4.301557064E0,5.576602819E0
3.247470796E0,-3.524078846E0,5.864302069E-2,4.289339542E0,5.551666815E0
3.249688296E0,-3.500865936E0,5.864302069E-2,4.272235394E0,5.523721261E0
3.251896421E0,-3.481318474E0,6.230820715E-2,4.250244617E0,5.494364380E0
3.254109182E0,-3.464214087E0,6.841685623E-2,4.224587917E0,5.463753579E0
3.256321994E0,-3.447109938E0,8.185587823E-2,4.192822933E0,5.428538611E0
3.258534807E0,-3.430005789E0,9.896009415E-2,4.159836292E0,5.392492076E0
3.260747619E0,-3.415344954E0,1.185077652E-1,4.121963024E0,5.354363119E0
3.262960432E0,-3.398240805E0,1.441640854E-1,4.080423832E0,5.312125987E0
3.265173192E0,-3.381136656E0,1.734855920E-1,4.036441803E0,5.268305683E0
3.267386890E0,-3.364032269E0,2.040288299E-1,3.988794327E0,5.221955673E0
3.269598765E0,-3.345706463E0,2.345720828E-1,3.938703299E0,5.173215583E0
3.271811578E0,-3.323715210E0,2.553414702E-1,3.888612509E0,5.121873613E0
3.274024338E0,-3.304167509E0,2.712239623E-1,3.840965033E0,5.073864183E0
3.276237151E0,-3.279732943E0,2.773326039E-1,3.789652348E0,5.019464759E0
3.278449911E0,-3.249189854E0,2.809978127E-1,3.744448423E0,4.965590445E0
3.280662776E0,-3.218646526E0,2.822195292E-1,3.699244499E0,4.911592734E0
3.282875536E0,-3.185659885E0,2.834412456E-1,3.656483889E0,4.857843377E0
3.285088348E0,-3.150229692E0,2.895499170E-1,3.618610144E0,4.806467064E0
3.287301109E0,-3.116021156E0,2.981020212E-1,3.584401846E0,4.758822255E0
3.289513921E0,-3.081812859E0,3.054323792E-1,3.551415205E0,4.712049383E0
3.291726734E0,-3.050047874E0,3.090975881E-1,3.517206669E0,4.665734252E0
3.293939494E0,-3.018282890E0,3.066541255E-1,3.487885237E0,4.622706110E0
3.296152307E0,-2.991404772E0,3.029889166E-1,3.457341909E0,4.581868382E0
3.298365119E0,-2.965748549E0,2.944368124E-1,3.426798582E0,4.541509222E0
3.300577880E0,-2.943757296E0,2.822195292E-1,3.396255493E0,4.503321691E0
3.302790692E0,-2.924209595E0,2.651153207E-1,3.365712166E0,4.466464628E0
3.305003453E0,-2.908327103E0,2.467893660E-1,3.336390734E0,4.432919428E0
3.307216265E0,-2.894888163E0,2.260199636E-1,3.308290958E0,4.401846381E0
3.309429078E0,-2.876562357E0,2.064722925E-1,3.285078049E0,4.371381885E0
3.311641890E0,-2.863123178E0,1.893680841E-1,3.263087034E0,4.345235506E0
3.313854651E0,-2.842353821E0,1.759290546E-1,3.245982647E0,4.318139602E0
3.316067463E0,-2.822806120E0,1.698204130E-1,3.231322050E0,4.294009263E0
3.318280223E0,-2.802036762E0,1.637117565E-1,3.219104767E0,4.270930467E0
3.320493036E0,-2.781267405E0,1.612683088E-1,3.211774349E0,4.251699697E0
3.322705848E0,-2.758054495E0,1.588248461E-1,3.205665588E0,4.231829603E0
3.324918609E0,-2.733619928E0,1.563813835E-1,3.198335171E0,4.210282759E0
3.327131421E0,-2.717737436E0,1.563813835E-1,3.193448305E0,4.196267864E0
3.329344234E0,-2.699411392E0,1.539379209E-1,3.186117887E0,4.178739755E0
3.331557046E0,-2.684750795E0,1.478292793E-1,3.178787708E0,4.163463897E0
3.333769807E0,-2.667646408E0,1.417206228E-1,3.170235395E0,4.145698319E0
3.335982619E0,-2.657872677E0,1.282816082E-1,3.160461664E0,4.131496251E0
3.338195380E0,-2.649320602E0,1.136208475E-1,3.154352903E0,4.120892087E0
3.340408192E0,-2.645655394E0,9.529490769E-2,3.143357515E0,4.109655709E0
3.342621005E0,-2.643211842E0,7.330377400E-2,3.133583546E0,4.100157085E0
3.344833765E0,-2.643211842E0,5.009091273E-2,3.123809814E0,4.092342324E0
3.347046578E0,-2.645655394E0,2.443459071E-2,3.111592531E0,4.084372362E0
3.349259390E0,-2.649320602E0,-1.221729559E-3,3.100596905E0,4.078308756E0
3.351472151E0,-2.654207468E0,-2.687804960E-2,3.093266487E0,4.076007516E0
3.353684963E0,-2.655429125E0,-4.886918142E-2,3.088379622E0,4.073300961E0
3.355897776E0,-2.660316229E0,-6.719512492E-2,3.085936069E0,4.074898655E0
3.358110536E0,-2.663981199E0,-7.819069177E-2,3.089601278E0,4.080262942E0
3.360323348E0,-2.668868303E0,-9.285144508E-2,3.094488144E0,4.087460860E0
3.362536161E0,-2.673755169E0,-1.026252806E-1,3.103040457E0,4.097359971E0
3.364748921E0,-2.679863691E0,-1.148425788E-1,3.109148979E0,4.106295849E0
3.366961734E0,-2.685972452E0,-1.233946830E-1,3.117701054E0,4.117005480E0
3.369174546E0,-2.693302870E0,-1.356119812E-1,3.123809814E0,4.126797634E0
3.371387359E0,-2.703076601E0,-1.539379209E-1,3.126253128E0,4.135671483E0
3.373600119E0,-2.711628675E0,-1.673769504E-1,3.126253128E0,4.141787505E0
3.375812880E0,-2.717737436E0,-1.795942485E-1,3.122587919E0,4.143537882E0
3.378025692E0,-2.723845959E0,-1.844811589E-1,3.116479397E0,4.143164725E0
3.380238505E0,-2.727511168E0,-1.832594275E-1,3.107927322E0,4.139095726E0
3.382451265E0,-2.726289511E0,-1.759290546E-1,3.095710039E0,4.128804449E0
3.384664078E0,-2.727511168E0,-1.588248461E-1,3.083492756E0,4.119765779E0
3.386876890E0,-2.725067854E0,-1.380554438E-1,3.065166712E0,4.103693591E0
3.389089651E0,-2.720180750E0,-1.075121984E-1,3.048062563E0,4.086762481E0
3.391302463E0,-2.714072227E0,-7.452550530E-2,3.030958414E0,4.069207664E0
3.393515223E0,-2.706741810E0,-3.909534588E-2,3.011410713E0,4.049268348E0
3.395728036E0,-2.695746183E0,-0.000000000E0,2.991863012E0,4.027194032E0
3.397940848E0,-2.685972452E0,4.153880477E-2,2.967428446E0,4.002724705E0
3.400153661E0,-2.672533512E0,8.429934084E-2,2.941771984E0,3.975369688E0
3.402366421E0,-2.662759542E0,1.246164143E-1,2.916115761E0,3.950892148E0
3.404579234E0,-2.650542259E0,1.551596522E-1,2.889237642E0,3.923919334E0
3.406792046E0,-2.640768528E0,1.820377111E-1,2.858694553E0,3.896014720E0
3.409004807E0,-2.628551245E0,2.028071135E-1,2.826929569E0,3.865480974E0
3.411217619E0,-2.616333961E0,2.186895907E-1,2.795164585E0,3.834836840E0
3.413430432E0,-2.601673126E0,2.321286201E-1,2.765842915E0,3.804270466E0
3.415643192E0,-2.585790634E0,2.455676347E-1,2.732856274E0,3.770294429E0
3.417856005E0,-2.566242933E0,2.626718581E-1,2.707200050E0,3.739456031E0
3.420068817E0,-2.546695232E0,2.773326039E-1,2.681543589E0,3.708536908E0
3.422281578E0,-2.522260666E0,2.956585586E-1,2.659552574E0,3.677286057E0
3.424494390E0,-2.500269651E0,3.152062297E-1,2.641226530E0,3.650586375E0
3.426707203E0,-2.478278399E0,3.298669755E-1,2.620457172E0,3.621805052E0
3.428919963E0,-2.458730698E0,3.384190798E-1,2.600909472E0,3.595081946E0
3.431132776E0,-2.436739683E0,3.396408260E-1,2.582583666E0,3.566902657E0
3.433345588E0,-2.412305117E0,3.384190798E-1,2.563035965E0,3.535943553E0
3.435558348E0,-2.386648655E0,3.310887218E-1,2.544709921E0,3.504462887E0
3.437771161E0,-2.363435745E0,3.188714087E-1,2.525162220E0,3.473319987E0
3.439990796E0,-2.337779522E0,3.054323792E-1,2.505614519E0,3.440436913E0
3.442196734E0,-2.309679747E0,2.895499170E-1,2.486066818E0,3.405728690E0
3.444409546E0,-2.281579971E0,2.736674249E-1,2.471406221E0,3.374662907E0
3.446622307E0,-2.253480196E0,2.565632164E-1,2.453080177E0,3.340898088E0
3.448835119E0,-2.221715212E0,2.406807244E-1,2.435976028E0,3.305741204E0
3.451047932E0,-2.192393780E0,2.247982323E-1,2.418871880E0,3.272318123E0
3.453260692E0,-2.161850452E0,2.089157552E-1,2.399324179E0,3.236355927E0
3.455473505E0,-2.133750677E0,1.832594275E-1,2.378554821E0,3.200624784E0
3.457686317E0,-2.104429245E0,1.588248461E-1,2.356563568E0,3.163422139E0
3.459899130E0,-2.077551126E0,1.295033395E-1,2.333350658E0,3.126901836E0
3.462111890E0,-2.049451351E0,1.038470119E-1,2.311359644E0,3.090860470E0
3.464324703E0,-2.023795128E0,8.185587823E-2,2.286925077E0,3.054909723E0
3.466537515E0,-1.996917009E0,6.597339362E-2,2.266155720E0,3.021173907E0
3.468750276E0,-1.972482324E0,5.131264031E-2,2.242942810E0,2.987325217E0
3.470963088E0,-1.951712966E0,4.031707719E-2,2.220951557E0,2.956929960E0
3.473175901E0,-1.932165265E0,2.932151034E-2,2.202625751E0,2.930133540E0
3.475399807E0,-1.915061116E0,2.321286127E-2,2.184299707E0,2.905023774E0
3.477601473E0,-1.896735191E0,1.221729536E-2,2.165973902E0,2.879096489E0
3.479814286E0,-1.879630923E0,2.443459118E-3,2.151313066E0,2.856775505E0
3.482027046E0,-1.861304998E0,-3.665188793E-3,2.136652231E0,2.833681790E0
3.484239859E0,-1.842979074E0,-7.330377586E-3,2.124434948E0,2.812445457E0
3.486452619E0,-1.824653149E0,-8.552107029E-3,2.115882874E0,2.793992231E0
3.488665432E0,-1.807548881E0,-8.552107029E-3,2.112217665E0,2.780066466E0
3.490878192E0,-1.790444613E0,-3.665188793E-3,2.109774351E0,2.767101942E0
3.493091057E0,-1.770897031E0,4.886918236E-3,2.107330799E0,2.752624797E0
3.495303817E0,-1.753792763E0,1.588248461E-2,2.107330799E0,2.741693711E0
3.497516630E0,-1.737910271E0,2.565632015E-2,2.108552456E0,2.732578236E0
3.499729390E0,-1.719584346E0,3.543015569E-2,2.108552456E0,2.721069473E0
3.501942203E0,-1.704923630E0,4.398226365E-2,2.110996008E0,2.713853933E0
3.504155015E0,-1.690262794E0,5.619955808E-2,2.109774351E0,2.703940554E0
3.506367776E0,-1.676823854E0,6.475166976E-2,2.112217665E0,2.697664635E0
3.508580588E0,-1.664606571E0,7.086031139E-2,2.109774351E0,2.688323647E0
3.510793348E0,-1.654832721E0,7.452550530E-2,2.110996008E0,2.683342977E0
3.513006213E0,-1.645058870E0,8.307760954E-2,2.110996008E0,2.677578145E0
3.515218973E0,-1.635285020E0,9.529490769E-2,2.109774351E0,2.671027149E0
3.517431786E0,-1.626732945E0,1.099556610E-1,2.108552456E0,2.665397491E0
3.519644546E0,-1.619402528E0,1.270598769E-1,2.107330799E0,2.660723935E0
3.521857359E0,-1.616959095E0,1.404989064E-1,2.102443933E0,2.656043515E0
3.524070171E0,-1.612072110E0,1.539379209E-1,2.098778725E0,2.650914089E0
3.526282984E0,-1.609628677E0,1.685986817E-1,2.092669964E0,2.645486264E0
3.528495744E0,-1.610850453E0,1.893680841E-1,2.087783098E0,2.643773387E0
3.530708557E0,-1.613293886E0,2.162461281E-1,2.080452681E0,2.641545553E0
3.532921317E0,-1.619402528E0,2.492328286E-1,2.075565815E0,2.644343964E0
3.535134130E0,-1.626732945E0,2.895499170E-1,2.069457054E0,2.648160065E0
3.537346942E0,-1.637728453E0,3.323104382E-1,2.063348532E0,2.655182080E0
3.539559755E0,-1.653610945E0,3.762927055E-1,2.057239771E0,2.666132186E0
3.541772515E0,-1.669493437E0,4.178315103E-1,2.054796457E0,2.680294758E0
3.543988088E0,-1.689041138E0,4.544833899E-1,2.053574562E0,2.697514337E0
3.546198140E0,-1.711032271E0,4.874700904E-1,2.057239771E0,2.719833450E0
3.548410901E0,-1.729358196E0,5.167915821E-1,2.064570189E0,2.742298921E0
3.550623713E0,-1.751349330E0,5.412262082E-1,2.076787472E0,2.770053517E0
3.552836526E0,-1.773340464E0,5.595521331E-1,2.091448307E0,2.798569458E0
3.555049286E0,-1.792888165E0,5.742129087E-1,2.110996008E0,2.828510665E0
3.557262098E0,-1.816100955E0,5.803215504E-1,2.134208918E0,2.861790259E0
3.559474859E0,-1.835648656E0,5.839866996E-1,2.159865141E0,2.894073924E0
3.561693088E0,-1.858861566E0,5.839866996E-1,2.186743259E0,2.928865457E0
3.563900484E0,-1.880852699E0,5.815432668E-1,2.217286348E0,2.965157365E0
3.566113244E0,-1.901622057E0,5.790998340E-1,2.250273228E0,3.002541035E0
3.568326057E0,-1.921169758E0,5.717694163E-1,2.282038212E0,3.037352779E0
3.570538869E0,-1.944382548E0,5.632173419E-1,2.318690062E0,3.078012487E0
3.572751682E0,-1.967595458E0,5.534434915E-1,2.357785225E0,3.120397851E0
3.574964442E0,-1.984699726E0,5.412262082E-1,2.394437313E0,3.156784576E0
3.577177255E0,-2.006690741E0,5.326740742E-1,2.431089163E0,3.196989821E0
3.579397255E0,-2.020129919E0,5.265654325E-1,2.468962669E0,3.233260383E0
3.581602828E0,-2.037234068E0,5.204567909E-1,2.501949310E0,3.268172007E0
3.583815640E0,-2.055559874E0,5.155698657E-1,2.531270981E0,3.301283305E0
3.586028453E0,-2.068999052E0,5.094612241E-1,2.561814070E0,3.332146327E0
3.588241213E0,-2.081216335E0,4.984656572E-1,2.588692188E0,3.358758207E0
3.590454026E0,-2.089768410E0,4.862483740E-1,2.613126755E0,3.381124210E0
3.592666838E0,-2.100764036E0,4.752528071E-1,2.635118008E0,3.403369166E0
3.594879598E0,-2.104429245E0,4.618137777E-1,2.657109022E0,3.420836560E0
3.597092411E0,-2.106872559E0,4.495964646E-1,2.676656723E0,3.435919116E0
3.599305223E0,-2.105650902E0,4.398226440E-1,2.698647976E0,3.451073829E0
3.601517984E0,-2.103207350E0,4.373791814E-1,2.721860647E0,3.467464072E0
3.603730796E0,-2.098320484E0,4.422661066E-1,2.747517109E0,3.485311812E0
3.605943609E0,-2.092211962E0,4.569268525E-1,2.773173332E0,3.503801275E0
3.608156369E0,-2.084881544E0,4.764745235E-1,2.800051451E0,3.523357369E0
3.610369182E0,-2.081216335E0,5.033525825E-1,2.826929569E0,3.546315841E0
3.612581994E0,-2.078772783E0,5.290089250E-1,2.855029345E0,3.571041765E0
3.614794755E0,-2.079994678E0,5.558869243E-1,2.884350777E0,3.599287087E0
3.617007567E0,-2.081216335E0,5.876519084E-1,2.914894104E0,3.629518403E0
3.619220328E0,-2.083659649E0,6.206386089E-1,2.944215536E0,3.659950128E0
3.621433192E0,-2.088546753E0,6.585122347E-1,2.974758863E0,3.693894449E0
3.623645953E0,-2.095877171E0,6.963858604E-1,3.002858639E0,3.727574866E0
3.625858765E0,-2.100764036E0,7.403681278E-1,3.035845280E0,3.765330140E0
3.628071526E0,-2.110537767E0,7.880155444E-1,3.067610264E0,3.805991447E0
3.630284338E0,-2.117868185E0,8.393282294E-1,3.099375248E0,3.846552281E0
3.632497151E0,-2.126420259E0,8.955277801E-1,3.132361889E0,3.890414390E0
3.634709911E0,-2.136194229E0,9.553925395E-1,3.169013739E0,3.939384313E0
3.636922723E0,-2.144746304E0,1.021365881E0,3.206887484E0,3.990896178E0
3.639135536E0,-2.153298378E0,1.089782715E0,3.247204542E0,4.045819770E0
3.641348296E0,-2.161850452E0,1.158199668E0,3.287521601E0,4.101563376E0
3.643561109E0,-2.175289392E0,1.221729517E0,3.331503868E0,4.162141874E0
3.645773921E0,-2.183841705E0,1.287702918E0,3.373042583E0,4.219568659E0
3.647986734E0,-2.197280645E0,1.350011110E0,3.417024851E0,4.280961465E0
3.650199494E0,-2.210719585E0,1.409875870E0,3.462228775E0,4.343047219E0
3.652412307E0,-2.224158764E0,1.469740629E0,3.507432938E0,4.405576641E0
3.654625067E0,-2.236376047E0,1.532048821E0,3.552636862E0,4.468755989E0
3.656837880E0,-2.252258539E0,1.589470148E0,3.599062681E0,4.533468436E0
3.659050692E0,-2.265697479E0,1.646891475E0,3.645488262E0,4.597305870E0
3.661263453E0,-2.279136419E0,1.701869249E0,3.690692186E0,4.659616999E0
3.663476265E0,-2.291353703E0,1.753181934E0,3.733452797E0,4.718327932E0
3.665694651E0,-2.299905777E0,1.803272843E0,3.773769855E0,4.773122506E0
3.667901890E0,-2.309679747E0,1.847255111E0,3.812865257E0,4.825444378E0
3.670114651E0,-2.315788269E0,1.891237378E0,3.848295450E0,4.873297857E0
3.672327463E0,-2.321897030E0,1.935219646E0,3.883725643E0,4.921341866E0
3.674540276E0,-2.326783895E0,1.976758480E0,3.913047075E0,4.963208116E0
3.676753036E0,-2.329227448E0,2.013410330E0,3.943590403E0,5.003101730E0
3.678965848E0,-2.334114313E0,2.045175314E0,3.971690178E0,5.040352623E0
3.681178661E0,-2.337779522E0,2.072053432E0,3.996124744E0,5.072241269E0
3.683394963E0,-2.343888044E0,2.092822790E0,4.023002625E0,5.104730014E0
3.685604234E0,-2.348775148E0,2.106261730E0,4.041328430E0,5.126930725E0
3.687817046E0,-2.352440357E0,2.117257357E0,4.059654713E0,5.147577171E0
3.690029807E0,-2.359770536E0,2.123365879E0,4.079202175E0,5.168857710E0
3.692242619E0,-2.365879297E0,2.128252983E0,4.093863010E0,5.185225160E0
3.694455432E0,-2.371987820E0,2.130696297E0,4.108523846E0,5.200592381E0
3.696668192E0,-2.378096581E0,2.135583162E0,4.120740891E0,5.215032529E0
3.698881005E0,-2.384205341E0,2.135583162E0,4.131736755E0,5.226509272E0
3.701093765E0,-2.389092207E0,2.138026714E0,4.137845516E0,5.234566393E0
3.703306630E0,-2.393979073E0,2.141691923E0,4.143953800E0,5.243122466E0
3.705519390E0,-2.398865938E0,2.146578789E0,4.148840904E0,5.251213111E0
3.707732203E0,-2.402531147E0,2.149022341E0,4.148840904E0,5.253887492E0
3.709945015E0,-2.404974699E0,2.152687550E0,4.147619247E0,5.255541115E0
3.712157828E0,-2.406196356E0,2.155130863E0,4.145175457E0,5.255173595E0
3.714370588E0,-2.406196356E0,2.160017967E0,4.136623383E0,5.250439175E0
3.716583348E0,-2.403752804E0,2.164904833E0,4.128071308E0,5.244598479E0
3.718796161E0,-2.402531147E0,2.172235250E0,4.117075920E0,5.238423048E0
3.721008973E0,-2.397644281E0,2.178343773E0,4.102415085E0,5.227206637E0
3.723221786E0,-2.393979073E0,2.185674191E0,4.086532593E0,5.216134210E0
3.725434546E0,-2.386648655E0,2.197891474E0,4.068206787E0,5.203568506E0
3.727647359E0,-2.376874924E0,2.211330414E0,4.049880981E0,5.190477104E0
3.729860171E0,-2.363435745E0,2.232100010E0,4.032776356E0,5.179901940E0
3.732072932E0,-2.348775148E0,2.258977890E0,4.014450550E0,5.170642032E0
3.734285744E0,-2.334114313E0,2.287077665E0,3.996124744E0,5.162153315E0
3.736498557E0,-2.317010164E0,2.315177441E0,3.974133492E0,5.149982494E0
3.738711317E0,-2.299905777E0,2.343277216E0,3.955807686E0,5.140907424E0
3.740924130E0,-2.281579971E0,2.370155334E0,3.935038090E0,5.129109888E0
3.743136942E0,-2.260810614E0,2.399476767E0,3.916712284E0,5.119510572E0
3.745349755E0,-2.240041256E0,2.427576542E0,3.902051449E0,5.112427819E0
3.747562515E0,-2.216828346E0,2.459341526E0,3.888612509E0,5.107249348E0
3.749775328E0,-2.189950228E0,2.494771719E0,3.877616882E0,5.104476527E0
3.751988140E0,-2.165515661E0,2.533867121E0,3.872730017E0,5.109596701E0
3.754200953E0,-2.139859438E0,2.569297314E0,3.867843151E0,5.112777889E0
3.756413713E0,-2.110537767E0,2.599840403E0,3.861734390E0,5.111411966E0
3.758626526E0,-2.083659649E0,2.615722895E0,3.858069181E0,5.105716561E0
3.760839286E0,-2.059225082E0,2.623053312E0,3.851960659E0,5.094940386E0
3.763052098E0,-2.032347202E0,2.620609999E0,3.842186689E0,5.075473423E0
3.765264859E0,-2.004247427E0,2.603505611E0,3.828747749E0,5.045251088E0
3.767477723E0,-1.976147532E0,2.569297314E0,3.811643600E0,5.003506240E0
3.769697932E0,-1.944382548E0,2.517984629E0,3.789652348E0,4.947962712E0
3.771903296E0,-1.911395907E0,2.465450287E0,3.768882990E0,4.892479783E0
3.774116057E0,-1.878409147E0,2.420246363E0,3.748113632E0,4.840905822E0
3.776328869E0,-1.844200730E0,2.387259483E0,3.726122379E0,4.794170644E0
3.778541682E0,-1.805105448E0,2.370155334E0,3.704131365E0,4.753591395E0
3.780754442E0,-1.764788389E0,2.370155334E0,3.684583664E0,4.723163256E0
3.782967255E0,-1.713475704E0,2.379929066E0,3.663814306E0,4.692930494E0
3.785180067E0,-1.660941362E0,2.388481379E0,3.641823053E0,4.661163445E0
3.787392828E0,-1.604741812E0,2.398255110E0,3.613723278E0,4.624480488E0
3.789605640E0,-1.542433619E0,2.423911333E0,3.585623503E0,4.594686445E0
3.791818453E0,-1.485012293E0,2.449567795E0,3.555080414E0,4.565549325E0
3.794031213E0,-1.423925757E0,2.481332779E0,3.518428326E0,4.534745286E0
3.796244026E0,-1.364060998E0,2.513097763E0,3.479333162E0,4.503563259E0
3.798456838E0,-1.302974582E0,2.547306061E0,3.441459417E0,4.475505988E0
3.800669651E0,-1.241888046E0,2.586401463E0,3.399920702E0,4.448732317E0
3.802882411E0,-1.178358197E0,2.626718521E0,3.362046957E0,4.426232932E0
3.805095223E0,-1.116050005E0,2.667035580E0,3.324173450E0,4.405539187E0
3.807307984E0,-1.057406902E0,2.706130981E0,3.288743258E0,4.388289696E0
3.809520848E0,-1.002429128E0,2.739117622E0,3.255756617E0,4.371221872E0
3.811733609E0,-9.486730099E-1,2.764774084E0,3.222769976E0,4.350885258E0
3.813946421E0,-9.010255337E-1,2.784321547E0,3.192226648E0,4.330658664E0
3.816159234E0,-8.533781171E-1,2.796539068E0,3.162905216E0,4.307302448E0
3.818371994E0,-8.118392825E-1,2.794095516E0,3.131140232E0,4.274352808E0
3.820584807E0,-7.715222239E-1,2.785543442E0,3.099375248E0,4.237997845E0
3.822797619E0,-7.385355234E-1,2.758665323E0,3.061501503E0,4.186700436E0
3.825010380E0,-7.043271065E-1,2.715904713E0,3.023627996E0,4.124868645E0
3.827223192E0,-6.750055552E-1,2.659705162E0,2.980867386E0,4.051571846E0
3.829436005E0,-6.456840634E-1,2.603505611E0,2.938106775E0,3.978394249E0
3.831648765E0,-6.151408553E-1,2.552193165E0,2.891681194E0,3.905625219E0
3.833861578E0,-5.858193040E-1,2.513097763E0,2.845255375E0,3.841135610E0
3.836074390E0,-5.516108871E-1,2.486219645E0,2.800051451E0,3.784950570E0
3.838287151E0,-5.161807537E-1,2.474002361E0,2.754847527E0,3.738491026E0
3.840499963E0,-4.807505906E-1,2.478889227E0,2.709643364E0,3.703806163E0
3.842712776E0,-4.489856064E-1,2.489884853E0,2.665661097E0,3.675168532E0
3.844925536E0,-4.282162189E-1,2.504545689E0,2.614348650E0,3.645673751E0
3.847138348E0,-4.123337269E-1,2.531423569E0,2.556927204E0,3.621602009E0
3.849351161E0,-3.940077722E-1,2.549749613E0,2.490953922E0,3.586267789E0
3.851563921E0,-3.707949221E-1,2.564410448E0,2.421315193E0,3.546330087E0
3.853776734E0,-3.378082216E-1,2.579071045E0,2.346789837E0,3.503304781E0
3.855996317E0,-3.035998046E-1,2.591288328E0,2.269820690E0,3.458183628E0
3.858202307E0,-2.706131041E-1,2.602283955E0,2.194073677E0,3.414538407E0
3.860415119E0,-2.364046723E-1,2.614501238E0,2.125656605E0,3.377857293E0
3.862627932E0,-2.058614343E-1,2.629162073E0,2.067013741E0,3.350733941E0
3.864840744E0,-1.765399277E-1,2.647487879E0,2.016922712E0,3.332916987E0
3.867053557E0,-1.484401375E-1,2.669479132E0,1.971718788E0,3.322021717E0
3.869266317E0,-1.215620935E-1,2.685361624E0,1.933845162E0,3.311450061E0
3.871479130E0,-1.007926911E-1,2.690248489E0,1.898414969E0,3.294172961E0
3.873694963E0,-7.757982612E-2,2.681696415E0,1.867871761E0,3.269015021E0
3.875904703E0,-5.192350596E-2,2.659705162E0,1.839771986E0,3.234422446E0
3.878117515E0,-2.504545636E-2,2.630383730E0,1.817780852E0,3.197479174E0
3.880330328E0,1.832594397E-3,2.594953537E0,1.803120136E0,3.159909721E0
3.882543140E0,3.359756246E-2,2.563188553E0,1.797011495E0,3.130545426E0
3.884755901E0,6.780599058E-2,2.535088778E0,1.799454927E0,3.109551543E0
3.886968713E0,1.032361463E-1,2.506989002E0,1.810450435E0,3.094088288E0
3.889181526E0,1.398880333E-1,2.476445913E0,1.827554703E0,3.080959139E0
3.891394286E0,1.777616441E-1,2.439793825E0,1.851989269E0,3.068233590E0
3.893607098E0,2.168570012E-1,2.403141975E0,1.883754253E0,3.061151483E0
3.895819859E0,2.583957911E-1,2.361603260E0,1.919184446E0,3.054047688E0
3.898032671E0,2.974911332E-1,2.322507858E0,1.960723281E0,3.054010398E0
3.900245484E0,3.426951468E-1,2.287077665E0,2.008370638E0,3.062958836E0
3.902458296E0,3.854556680E-1,2.258977890E0,2.062126875E0,3.082843562E0
3.904671109E0,4.294379354E-1,2.243095398E0,2.120769739E0,3.116658177E0
3.906883869E0,4.697550237E-1,2.238208532E0,2.183078051E0,3.161657317E0
3.909096682E0,5.076286197E-1,2.240652084E0,2.247829676E0,3.214179029E0
3.911309494E0,5.418370366E-1,2.246760607E0,2.311359644E0,3.268624176E0
3.913522255E0,5.711585879E-1,2.257756233E0,2.370002747E0,3.322739587E0
3.915735067E0,5.943714380E-1,2.267529964E0,2.422537088E0,3.371002149E0
3.917947880E0,6.114756465E-1,2.266308308E0,2.471406221E0,3.408504734E0
3.920160640E0,6.224712133E-1,2.254091024E0,2.510501623E0,3.430891307E0
3.922373453E0,6.285798550E-1,2.233321667E0,2.545931578E0,3.444503723E0
3.924586265E0,6.346884966E-1,2.204000235E0,2.572809696E0,3.446708032E0
3.926799026E0,6.371319890E-1,2.174678564E0,2.594800949E0,3.445019012E0
3.929011838E0,6.420188546E-1,2.149022341E0,2.611905098E0,3.442750858E0
3.931224651E0,6.444623470E-1,2.129474640E0,2.625344038E0,3.441282505E0
3.933437411E0,6.481275558E-1,2.106261730E0,2.633896112E0,3.434212652E0
3.935650223E0,6.554579139E-1,2.083048820E0,2.635118008E0,3.422362397E0
3.937863036E0,6.664534807E-1,2.068388224E0,2.632674456E0,3.413702517E0
3.940075796E0,6.835576892E-1,2.058614254E0,2.629009247E0,3.408347603E0
3.942288661E0,7.043271065E-1,2.057392597E0,2.619235516E0,3.404311334E0
3.944501421E0,7.287616730E-1,2.068388224E0,2.604574680E0,3.404868967E0
3.946714234E0,7.593049407E-1,2.086714029E0,2.589913845E0,3.411535308E0
3.948926994E0,7.935133576E-1,2.116035700E0,2.570366383E0,3.422580002E0
3.951139807E0,8.301652074E-1,2.157574415E0,2.550818682E0,3.442524884E0
3.953352619E0,8.741474748E-1,2.201556683E0,2.525162220E0,3.462286798E0
3.955565432E0,9.169080257E-1,2.246760607E0,2.493397236E0,3.479322251E0
3.957778192E0,9.645555019E-1,2.290742874E0,2.462854147E0,3.499074275E0
3.959992723E0,1.010981202E0,2.333503485E0,2.427423954E0,3.515637717E0
3.962203817E0,1.053741693E0,2.372598886E0,2.390772104E0,3.529219218E0
3.964416578E0,1.096502304E0,2.400698662E0,2.346789837E0,3.531726760E0
3.966629390E0,1.140484571E0,2.419024467E0,2.299142361E0,3.526817266E0
3.968842203E0,1.183245063E0,2.428798437E0,2.247829676E0,3.514522582E0
3.971054963E0,1.226005554E0,2.434906960E0,2.195295334E0,3.500169014E0
3.973267828E0,1.271209598E0,2.442237377E0,2.147647858E0,3.491831692E0
3.975480588E0,1.315191865E0,2.455676317E0,2.104887247E0,3.491507717E0
3.977693401E0,1.356730700E0,2.478889227E0,2.068235397E0,3.501886299E0
3.979906213E0,1.397047758E0,2.511875868E0,2.040135622E0,3.524686677E0
3.982118973E0,1.437364817E0,2.546084404E0,2.018144608E0,3.552670976E0
3.984331786E0,1.474016666E0,2.585179806E0,1.998596787E0,3.584727170E0
3.986544598E0,1.507003427E0,2.615722895E0,1.982714415E0,3.611678563E0
3.988757359E0,1.539990067E0,2.640157461E0,1.966831923E0,3.634615336E0
3.990970171E0,1.569311619E0,2.646266222E0,1.953392863E0,3.644339111E0
3.993182984E0,1.594967961E0,2.637714148E0,1.946062446E0,3.645355643E0
3.995395744E0,1.620624304E0,2.623053312E0,1.944840789E0,3.645440647E0
3.997608557E0,1.647502303E0,2.607170820E0,1.949727654E0,3.648704078E0
3.999821317E0,1.674380302E0,2.594953537E0,1.964388371E0,3.660075809E0
4.002034130E0,1.702480197E0,2.585179806E0,1.991266489E0,3.680589040E0
4.004246942E0,1.731801629E0,2.585179806E0,2.031583548E0,3.716130141E0
4.006459755E0,1.763566613E0,2.588845015E0,2.078009367E0,3.759043580E0
4.008672567E0,1.795331597E0,2.591288328E0,2.139095783E0,3.809687850E0
4.010885328E0,1.825874805E0,2.596175194E0,2.208734274E0,3.866839993E0
4.013098140E0,1.857639790E0,2.602283955E0,2.291811943E0,3.933841551E0
4.015310953E0,1.888182998E0,2.607170820E0,2.379776478E0,4.003237540E0
4.017523765E0,1.917504549E0,2.610836029E0,2.477514744E0,4.078157399E0
4.019736526E0,1.944382548E0,2.610836029E0,2.578918457E0,4.153060158E0
4.021949338E0,1.968817234E0,2.602283955E0,2.681543589E0,4.223600253E0
4.024162098E0,1.990808368E0,2.586401463E0,2.786612511E0,4.291619714E0
4.026374911E0,2.007912636E0,2.557080030E0,2.891681194E0,4.351113830E0
4.028587723E0,2.021351576E0,2.513097763E0,2.995528221E0,4.401671487E0
4.030800536E0,2.033568859E0,2.449567795E0,3.095710039E0,4.440631186E0
4.033013348E0,2.039677382E0,2.366490126E0,3.192226648E0,4.466639711E0
4.035226109E0,2.039677382E0,2.262643099E0,3.281412840E0,4.477444342E0
4.037438921E0,2.033568859E0,2.150243998E0,3.365712166E0,4.481848942E0
4.039651734E0,2.023795128E0,2.030514479E0,3.442681074E0,4.480043387E0
4.041864494E0,2.015242815E0,1.915671945E0,3.512319803E0,4.479664385E0
4.044077307E0,2.007912636E0,1.803272843E0,3.570962667E0,4.476078694E0
4.046290119E0,2.006690741E0,1.698204041E0,3.621053696E0,4.474677034E0
4.048502880E0,2.007912636E0,1.605352640E0,3.660149097E0,4.472757725E0
4.050715692E0,2.006690741E0,1.532048821E0,3.690692186E0,4.471598163E0
4.052928505E0,2.006690741E0,1.473405838E0,3.715126991E0,4.472124892E0
4.055141317E0,2.000582218E0,1.430645347E0,3.729787588E0,4.467705314E0
4.057354078E0,1.990808368E0,1.401323795E0,3.732231140E0,4.456071770E0
4.059566890E0,1.979812741E0,1.378110886E0,3.726122379E0,4.438787682E0
4.061779703E0,1.962708592E0,1.367115378E0,3.712683439E0,4.416474589E0
4.063992463E0,1.937052250E0,1.363450170E0,3.695579290E0,4.389587005E0
4.066205276E0,1.910174131E0,1.363450170E0,3.674809694E0,4.360273829E0
4.068418088E0,1.885739565E0,1.354898095E0,3.640601397E0,4.318071454E0
4.070630901E0,1.866191864E0,1.336572170E0,3.595397472E0,4.265674651E0
4.072843661E0,1.851531148E0,1.319467902E0,3.540419579E0,4.207580531E0
4.075056473E0,1.835648656E0,1.307250619E0,3.481776476E0,4.147442296E0
4.077269286E0,1.820987940E0,1.301141977E0,3.423133612E0,4.089842448E0
4.079482098E0,1.802662015E0,1.290146470E0,3.360825300E0,4.026066933E0
4.081708140E0,1.785557747E0,1.273042202E0,3.302182198E0,3.963995482E0
4.083907671E0,1.767231822E0,1.247385859E0,3.244760990E0,3.899686356E0
4.086120484E0,1.745240688E0,1.218064427E0,3.191004992E0,3.835630178E0
4.088333244E0,1.725692987E0,1.183855891E0,3.140913963E0,3.774237881E0
4.090546057E0,1.706145287E0,1.154534459E0,3.096931696E0,3.719525169E0
4.092758869E0,1.685375929E0,1.126434684E0,3.057836294E0,3.668747732E0
4.094971682E0,1.669493437E0,1.097113132E0,3.021184444E0,3.621936086E0
4.097184442E0,1.653610945E0,1.067791581E0,2.995528221E0,3.584382421E0
4.099397255E0,1.640171885E0,1.036026716E0,2.978423834E0,3.554507519E0
4.101610067E0,1.629176378E0,1.005483389E0,2.971093655E0,3.534488651E0
4.103822880E0,1.619402528E0,9.786053896E-1,2.974758863E0,3.525524550E0
4.106035640E0,1.612072110E0,9.553925395E-1,2.988197803E0,3.527162812E0
4.108248453E0,1.604741812E0,9.382883310E-1,3.017519236E0,3.544150619E0
4.110461265E0,1.598633170E0,9.224058390E-1,3.056614637E0,3.570623697E0
4.112674026E0,1.592524529E0,9.065233469E-1,3.104262114E0,3.604769372E0
4.114886838E0,1.586415887E0,8.918625712E-1,3.161683321E0,3.648064642E0
4.117099651E0,1.582750678E0,8.735366464E-1,3.225213289E0,3.697318859E0
4.119312463E0,1.579085469E0,8.527672291E-1,3.297295332E0,3.754048398E0
4.121525223E0,1.576642036E0,8.368847370E-1,3.379151344E0,3.821627923E0
4.123738036E0,1.576642036E0,8.234457374E-1,3.470780849E0,3.900023423E0
4.125950848E0,1.582750678E0,8.161153197E-1,3.573406219E0,3.992540035E0
4.128163609E0,1.590080976E0,8.124501705E-1,3.684583664E0,4.094458397E0
4.130376421E0,1.602298260E0,8.100066781E-1,3.799426317E0,4.202274488E0
4.132589234E0,1.615737319E0,8.051197529E-1,3.920377493E0,4.316038066E0
4.134802046E0,1.631619811E0,7.977893949E-1,4.043772221E0,4.432916072E0
4.137014807E0,1.646280527E0,7.831286192E-1,4.169610500E0,4.550734197E0
4.139227619E0,1.667050004E0,7.562506199E-1,4.290561676E0,4.664749748E0
4.141440432E0,1.687819362E0,7.232639194E-1,4.405404091E0,4.772780123E0
4.143653192E0,1.711032271E0,6.780598760E-1,4.517803192E0,4.878313470E0
4.145866005E0,1.734245062E0,6.181951761E-1,4.621650219E0,4.974879090E0
4.148078817E0,1.755014539E0,5.497782826E-1,4.718166828E0,5.063934282E0
4.150296526E0,1.778227329E0,4.679224193E-1,4.801244259E0,5.141302389E0
4.152504442E0,1.798996806E0,3.787361681E-1,4.875770092E0,5.210850658E0
4.154717255E0,1.822209597E0,2.809978127E-1,4.941743374E0,5.274489090E0
4.156930015E0,1.845422506E0,1.771507859E-1,4.996721268E0,5.329558148E0
4.159142828E0,1.869857073E0,7.086031139E-2,5.041924953E0,5.377954434E0
4.161355640E0,1.894291639E0,-4.031707719E-2,5.070024967E0,5.412496600E0
4.163568401E0,1.923613191E0,-1.502727419E-1,5.088350773E0,5.441891509E0
4.165781213E0,1.954156399E0,-2.553414702E-1,5.094459534E0,5.462366194E0
4.168000223E0,1.988364816E0,-3.445277214E-1,5.092016220E0,5.477309849E0
4.170206838E0,2.026238441E0,-4.288270772E-1,5.076133728E0,5.482396238E0
4.172419598E0,2.062890291E0,-5.131264329E-1,5.052920818E0,5.481863177E0
4.174632411E0,2.094655275E0,-6.010909677E-1,5.017490387E0,5.470292575E0
4.176845223E0,2.123976946E0,-6.841685772E-1,4.971065044E0,5.448931307E0
4.179057984E0,2.150854826E0,-7.611374855E-1,4.916087151E0,5.419725051E0
4.181270796E0,2.177732944E0,-8.222240210E-1,4.855000496E0,5.384199377E0
4.183483557E0,2.198502302E0,-8.698714375E-1,4.786583900E0,5.338677189E0
4.185701161E0,2.218050003E0,-9.077450633E-1,4.714501858E0,5.288693098E0
4.187909234E0,2.233932495E0,-9.334014058E-1,4.638754368E0,5.232564826E0
4.190121994E0,2.241262913E0,-9.480621219E-1,4.558120251E0,5.167063136E0
4.192334755E0,2.242484570E0,-9.578359723E-1,4.475042820E0,5.096292283E0
4.194547567E0,2.235154152E0,-9.615011811E-1,4.385856628E0,5.015589394E0
4.196760380E0,2.216828346E0,-9.639446139E-1,4.293004990E0,4.926805149E0
4.198973192E0,2.188728571E0,-9.627228975E-1,4.195266724E0,4.828833298E0
4.201186005E0,2.155741692E0,-9.541707635E-1,4.093863010E0,4.724127267E0
4.203398765E0,2.112981319E0,-9.431751966E-1,3.990015984E0,4.612428542E0
4.205611578E0,2.064112186E0,-9.260709882E-1,3.884947300E0,4.495662589E0
4.207824390E0,2.009134293E0,-9.040798545E-1,3.778656721E0,4.374040192E0
4.210037203E0,1.948047757E0,-8.808670044E-1,3.671144724E0,4.248307937E0
4.212249963E0,1.879630923E0,-8.552106619E-1,3.568519354E0,4.122951378E0
4.214462776E0,1.803883672E0,-8.319978118E-1,3.467115879E0,3.995886532E0
4.216675588E0,1.724471331E0,-8.063415289E-1,3.364490509E0,3.865719133E0
4.218888401E0,1.641393661E0,-7.819069028E-1,3.265530348E0,3.737544650E0
4.221101161E0,1.550985694E0,-7.550288439E-1,3.169013739E0,3.608084430E0
4.223313973E0,1.455690742E0,-7.232639194E-1,3.077383995E0,3.480292873E0
4.225526786E0,1.359174132E0,-6.841685772E-1,2.986976147E0,3.352233206E0
4.227739598E0,1.260214090E0,-6.511818767E-1,2.906341791E0,3.234037723E0
4.229952411E0,1.161253929E0,-6.230821013E-1,2.828151226E0,3.120125214E0
4.232165171E0,1.065959096E0,-6.010909677E-1,2.758512735E0,3.017775945E0
4.234377984E0,9.682206511E-1,-5.827649832E-1,2.696204424E0,2.923454216E0
4.236590796E0,8.717040420E-1,-5.656607747E-1,2.643670082E0,2.840568878E0
4.238803557E0,7.776308656E-1,-5.583304167E-1,2.600909472E0,2.771492864E0
4.241016369E0,6.860011220E-1,-5.534434915E-1,2.564257622E0,2.711515146E0
4.243229182E0,5.992583632E-1,-5.510000587E-1,2.537379503E0,2.664771359E0
4.245441994E0,5.198459029E-1,-5.522217751E-1,2.522718906E0,2.634254986E0
4.247654807E0,4.453204274E-1,-5.595521331E-1,2.514166832E0,2.613894361E0
4.249867567E0,3.817904890E-1,-5.729911923E-1,2.515388489E0,2.607922954E0
4.252080380E0,3.280344009E-1,-5.888736248E-1,2.522718906E0,2.611223735E0
4.254293192E0,2.803869247E-1,-6.084213257E-1,2.537379503E0,2.624326215E0
4.256505953E0,2.449567765E-1,-6.328558922E-1,2.559370756E0,2.647808352E0
4.258718765E0,2.168570012E-1,-6.646208763E-1,2.587470531E0,2.680252156E0
4.260931578E0,1.973093301E-1,-7.024945021E-1,2.621678829E0,2.721328606E0
4.263144390E0,1.875354946E-1,-7.489202023E-1,2.663217783E0,2.772864943E0
4.265357151E0,1.863137633E-1,-8.002328873E-1,2.709643364E0,2.831475349E0
4.267569963E0,1.924224049E-1,-8.576541543E-1,2.764621258E0,2.900987371E0
4.269782776E0,2.095266134E-1,-9.199623466E-1,2.822042465E0,2.975593352E0
4.271997359E0,2.327394783E-1,-9.810488224E-1,2.885572433E0,3.056657116E0
4.274208401E0,2.657261789E-1,-1.048243999E0,2.950324059E0,3.142266369E0
4.276421161E0,3.060432673E-1,-1.120326042E0,3.015075922E0,3.231017756E0
4.278633973E0,3.561341763E-1,-1.198516726E0,3.078605890E0,3.322813284E0
4.280846786E0,4.086685479E-1,-1.282816052E0,3.142135620E0,3.418427016E0
4.283059546E0,4.648680985E-1,-1.373224020E0,3.203222275E0,3.516031783E0
4.285272359E0,5.308414698E-1,-1.459966779E0,3.259421825E0,3.610696096E0
4.287485171E0,6.004800797E-1,-1.540601015E0,3.309512615E0,3.699581269E0
4.289701786E0,6.737838387E-1,-1.611461282E0,3.357160091E0,3.784351464E0
4.291910744E0,7.446441650E-1,-1.671326041E0,3.398698807E0,3.859919591E0
4.294123557E0,8.240565658E-1,-1.718973517E0,3.436572552E0,3.929881688E0
4.296336369E0,8.973603845E-1,-1.749516726E0,3.469559193E0,3.987970088E0
4.298549182E0,9.731075764E-1,-1.766620994E0,3.502545834E0,4.041746579E0
4.300761942E0,1.046411395E0,-1.773951292E0,3.528202295E0,4.085350833E0
4.302974755E0,1.112384796E0,-1.766620994E0,3.552636862E0,4.120628392E0
4.305187567E0,1.174692988E0,-1.750738502E0,3.573406219E0,4.149002401E0
4.307400328E0,1.228449106E0,-1.720195174E0,3.592953920E0,4.168630053E0
4.309613140E0,1.274874806E0,-1.679878116E0,3.605171204E0,4.176668010E0
4.311825953E0,1.313970089E0,-1.632230639E0,3.614944935E0,4.178339519E0
4.314038765E0,1.343291640E0,-1.580918074E0,3.618610144E0,4.171099826E0
4.316251578E0,1.366504550E0,-1.529605389E0,3.617388487E0,4.158428404E0
4.318464338E0,1.381165266E0,-1.480736256E0,3.610058069E0,4.139168590E0
4.320677151E0,1.387273908E0,-1.429423571E0,3.601505995E0,4.115656214E0
4.322889963E0,1.382387042E0,-1.378110886E0,3.584401846E0,4.081436039E0
4.325102723E0,1.370169759E0,-1.323133111E0,3.563632488E0,4.040732967E0
4.327315588E0,1.353065491E0,-1.273042202E0,3.533089161E0,3.991759222E0
4.329528348E0,1.329852581E0,-1.226616502E0,3.500102520E0,3.940027104E0
4.331741161E0,1.301752806E0,-1.178969026E0,3.459785461E0,3.880031413E0
4.333953973E0,1.269987822E0,-1.138651967E0,3.413359642E0,3.815812026E0
4.336166734E0,1.232114315E0,-1.105665207E0,3.358381748E0,3.744239469E0
4.338379546E0,1.190575480E0,-1.075121999E0,3.300960541E0,3.670108688E0
4.340592359E0,1.147814870E0,-1.050687432E0,3.239874125E0,3.594190785E0
4.342805171E0,1.105054379E0,-1.032361507E0,3.175122499E0,3.516862003E0
4.345017932E0,1.062293887E0,-1.014035583E0,3.109148979E0,3.438538038E0
4.347230744E0,1.020755053E0,-9.993748069E-1,3.040732145E0,3.359574804E0
4.349443557E0,9.779945016E-1,-9.834923148E-1,2.973536968E0,3.281105375E0
4.351656369E0,9.388991594E-1,-9.712749720E-1,2.905120134E0,3.203846079E0
4.353869182E0,8.998038173E-1,-9.615011811E-1,2.840368509E0,3.130786594E0
4.356081942E0,8.643736839E-1,-9.553925395E-1,2.776838541E0,3.061167923E0
4.358294755E0,8.326086998E-1,-9.468404055E-1,2.718195438E0,2.996386230E0
4.360507567E0,7.996219993E-1,-9.407317638E-1,2.664439440E0,2.936598223E0
4.362720380E0,7.727439404E-1,-9.358448386E-1,2.616791964E0,2.884534441E0
4.364933140E0,7.483093739E-1,-9.260709882E-1,2.574031353E0,2.836055677E0
4.367145953E0,7.287616730E-1,-9.224058390E-1,2.539823055E0,2.798683130E0
4.369358765E0,7.141009569E-1,-9.224058390E-1,2.514166832E0,2.771607398E0
4.371571578E0,7.055488229E-1,-9.236275554E-1,2.498284340E0,2.755414968E0
4.373784390E0,6.957749724E-1,-9.309579134E-1,2.490953922E0,2.748751879E0
4.375997151E0,6.908880472E-1,-9.395100474E-1,2.493397236E0,2.752641495E0
4.378209963E0,6.872228980E-1,-9.468404055E-1,2.506836414E0,2.766407575E0
4.380422776E0,6.847794056E-1,-9.566142559E-1,2.527605772E0,2.787978588E0
4.382635588E0,6.847794056E-1,-9.651663303E-1,2.555705547E0,2.816398360E0
4.384848348E0,6.835576892E-1,-9.749401808E-1,2.591135740E0,2.851621275E0
4.387061213E0,6.811142564E-1,-9.834923148E-1,2.632674456E0,2.891737981E0
4.389273973E0,6.786707640E-1,-9.932661057E-1,2.680321932E0,2.937906946E0
4.391486734E0,6.750055552E-1,-1.005483389E0,2.730412960E0,2.986935600E0
4.393699546E0,6.664534807E-1,-1.025031090E0,2.781725407E0,3.038559727E0
4.395912359E0,6.579013467E-1,-1.045800447E0,2.834259748E0,3.091853987E0
4.398125171E0,6.456840634E-1,-1.071456790E0,2.888015985E0,3.147310581E0
4.400337984E0,6.334667802E-1,-1.100778341E0,2.941771984E0,3.204218395E0
4.402550744E0,6.236929297E-1,-1.131321549E0,2.994306326E0,3.261096701E0
4.404763557E0,6.139190793E-1,-1.160643101E0,3.041953802E0,3.313226823E0
4.406976369E0,6.065887213E-1,-1.189964533E0,3.088379622E0,3.364826021E0
4.409189130E0,5.992583632E-1,-1.216842651E0,3.131140232E0,3.412309449E0
4.411401942E0,5.931497216E-1,-1.236390352E0,3.169013739E0,3.452989396E0
4.413614755E0,5.907062292E-1,-1.255937934E0,3.200778723E0,3.488738794E0
4.415827567E0,5.919279456E-1,-1.275485635E0,3.226434946E0,3.519534736E0
4.418040380E0,5.907062292E-1,-1.295033336E0,3.243539333E0,3.542116965E0
4.420253140E0,5.907062292E-1,-1.324354887E0,3.252091408E0,3.560751078E0
4.422466005E0,5.943714380E-1,-1.350011110E0,3.253313065E0,3.572093686E0
4.424678765E0,5.968148708E-1,-1.373224020E0,3.248426199E0,3.576898792E0
4.426891578E0,6.004800797E-1,-1.400102019E0,3.233765364E0,3.574646894E0
4.429104390E0,6.078104377E-1,-1.430645347E0,3.212996006E0,3.569246835E0
4.431317151E0,6.151408553E-1,-1.461188555E0,3.186117887E0,3.558766283E0
4.433529963E0,6.249146461E-1,-1.489288330E0,3.149466038E0,3.539439838E0
4.435742776E0,6.346884966E-1,-1.511279464E0,3.115257740E0,3.520174128E0
4.437955588E0,6.444623470E-1,-1.523496747E0,3.071275473E0,3.488424728E0
4.440168348E0,6.542361975E-1,-1.525940180E0,3.026071310E0,3.451612088E0
4.442381161E0,6.652317643E-1,-1.525940180E0,2.972315311E0,3.406711764E0
4.444593973E0,6.762273312E-1,-1.521053314E0,2.916115761E0,3.357769754E0
4.446806786E0,6.872228980E-1,-1.516166329E0,2.857472658E0,3.306990421E0
4.449019546E0,6.933315396E-1,-1.502727389E0,2.796386242E0,3.249411369E0
4.451232411E0,7.006618977E-1,-1.491731763E0,2.732856274E0,3.191346763E0
4.453445171E0,7.043271065E-1,-1.479514480E0,2.664439440E0,3.127982944E0
4.455657984E0,7.104357481E-1,-1.469740629E0,2.597244263E0,3.067659406E0
4.457870744E0,7.165443897E-1,-1.453858137E0,2.532492638E0,3.006768748E0
4.460083609E0,7.189878225E-1,-1.440419197E0,2.466519356E0,2.945414858E0
4.462304598E0,7.263182402E-1,-1.420871496E0,2.407876253E0,2.888647096E0
4.464509182E0,7.324268818E-1,-1.401323795E0,2.350455046E0,2.832807166E0
4.466721994E0,7.385355234E-1,-1.380554438E0,2.300364017E0,2.782631828E0
4.468934755E0,7.446441650E-1,-1.354898095E0,2.253938437E0,2.733218296E0
4.471147619E0,7.519745231E-1,-1.324354887E0,2.213621140E0,2.686912745E0
4.473360380E0,7.593049407E-1,-1.291368127E0,2.179412842E0,2.644620193E0
4.475573192E0,7.678570151E-1,-1.251051068E0,2.151313066E0,2.604396491E0
4.477786005E0,7.776308656E-1,-1.211955667E0,2.129321814E0,2.570517008E0
4.480003296E0,7.898481488E-1,-1.166751742E0,2.114661217E0,2.541055251E0
4.482211630E0,8.032872081E-1,-1.119104266E0,2.107330799E0,2.517639330E0
4.484424390E0,8.155044913E-1,-1.072678566E0,2.103665590E0,2.498218525E0
4.486637203E0,8.289434910E-1,-1.023809314E0,2.103665590E0,2.482084152E0
4.488850015E0,8.423825502E-1,-9.786053896E-1,2.107330799E0,2.471461099E0
4.491062776E0,8.570432663E-1,-9.395100474E-1,2.114661217E0,2.467588773E0
4.493275588E0,8.680388331E-1,-9.040798545E-1,2.124434948E0,2.466591909E0
4.495488401E0,8.802561760E-1,-8.735366464E-1,2.136652231E0,2.470465536E0
4.497701213E0,8.888082504E-1,-8.478803039E-1,2.154978275E0,2.480486340E0
4.499914026E0,8.973603845E-1,-8.295543790E-1,2.174525976E0,2.494389574E0
4.502126786E0,9.046907425E-1,-8.148936033E-1,2.197738647E0,2.512483251E0
4.504339598E0,9.083559513E-1,-8.063415289E-1,2.222173452E0,2.532459683E0
4.506552411E0,9.107993841E-1,-7.977893949E-1,2.247829676E0,2.553186575E0
4.508765223E0,9.059124589E-1,-7.929024696E-1,2.277151108E0,2.575808393E0
4.510978036E0,9.022472501E-1,-7.929024696E-1,2.304029226E0,2.598325442E0
4.513190796E0,8.949168921E-1,-7.953459620E-1,2.329685450E0,2.619329253E0
4.515403609E0,8.863648176E-1,-8.038980365E-1,2.352898359E0,2.639701751E0
4.517616421E0,8.753692508E-1,-8.185588121E-1,2.373667717E0,2.659061542E0
4.519829182E0,8.631519079E-1,-8.417716622E-1,2.389550209E0,2.676482944E0
4.522041994E0,8.484911919E-1,-8.686497211E-1,2.398102522E0,2.688007691E0
4.524254807E0,8.326086998E-1,-9.028581381E-1,2.404211044E0,2.699744582E0
4.526467619E0,8.167262077E-1,-9.407317638E-1,2.401767492E0,2.705643184E0
4.528680432E0,7.971785665E-1,-9.859357476E-1,2.394437313E0,2.709408240E0
4.530893244E0,7.788525820E-1,-1.029918075E0,2.385885000E0,2.712893256E0
4.533106005E0,7.605266571E-1,-1.076343775E0,2.367559195E0,2.709659251E0
4.535318817E0,7.397572398E-1,-1.122769475E0,2.346789837E0,2.704676433E0
4.537531630E0,7.177661061E-1,-1.167973399E0,2.322355270E0,2.696791435E0
4.539744442E0,6.933315396E-1,-1.210734010E0,2.295477152E0,2.686224269E0
4.541957203E0,6.701186895E-1,-1.246164203E0,2.264933825E0,2.670563519E0
4.544170015E0,6.456840634E-1,-1.273042202E0,2.229503632E0,2.647306329E0
4.546382828E0,6.236929297E-1,-1.295033336E0,2.189186573E0,2.618900926E0
4.548595640E0,5.980366468E-1,-1.308472395E0,2.148869514E0,2.585998459E0
4.550808453E0,5.748237371E-1,-1.313359261E0,2.104887247E0,2.546740112E0
4.553021213E0,5.516108871E-1,-1.313359261E0,2.058461666E0,2.503288147E0
4.555234026E0,5.320632458E-1,-1.301141977E0,2.010814190E0,2.453453780E0
4.557446838E0,5.100721121E-1,-1.284037709E0,1.960723281E0,2.398616723E0
4.559659651E0,4.893026948E-1,-1.262046576E0,1.910632372E0,2.341515481E0
4.561872463E0,4.709767401E-1,-1.237612009E0,1.856876254E0,2.280677969E0
4.564085223E0,4.538725317E-1,-1.209512234E0,1.805563569E0,2.220130609E0
4.566302411E0,4.379900396E-1,-1.176525593E0,1.756694436E0,2.159171852E0
4.568510848E0,4.233292937E-1,-1.142317176E0,1.705381751E0,2.095810855E0
4.570723661E0,4.086685479E-1,-1.102000117E0,1.657734275E0,2.032116425E0
4.572936421E0,3.952295184E-1,-1.056796074E0,1.610086799E0,1.966063024E0
4.575149234E0,3.866774142E-1,-1.014035583E0,1.564882874E0,1.904375487E0
4.577362046E0,3.793470263E-1,-9.676098228E-1,1.520900607E0,1.842094349E0
4.579574859E0,3.756818473E-1,-9.248492718E-1,1.480583549E0,1.785668130E0
4.581787671E0,3.720166385E-1,-8.833104968E-1,1.439044714E0,1.729012291E0
4.584000484E0,3.707949221E-1,-8.429933786E-1,1.401171088E0,1.676725120E0
4.586213244E0,3.695732057E-1,-8.100066781E-1,1.366962671E0,1.631343654E0
4.588426057E0,3.769035637E-1,-7.806851864E-1,1.333975911E0,1.590917153E0
4.590638869E0,3.817904890E-1,-7.550288439E-1,1.304654479E0,1.554977763E0
4.592851682E0,3.903425932E-1,-7.391464114E-1,1.277776361E0,1.526897896E0
4.595064442E0,3.952295184E-1,-7.293725610E-1,1.255785227E0,1.505053900E0
4.597277255E0,4.037816226E-1,-7.244856358E-1,1.236237645E0,1.488691557E0
4.599490067E0,4.147771895E-1,-7.244856358E-1,1.219133377E0,1.477567509E0
4.601702880E0,4.306596816E-1,-7.318159938E-1,1.210581303E0,1.478691821E0
4.603915640E0,4.465421438E-1,-7.476984859E-1,1.205694318E0,1.487330394E0
4.606128505E0,4.648680985E-1,-7.672461867E-1,1.203250885E0,1.500860337E0
4.608341265E0,4.831940532E-1,-7.892373204E-1,1.208137870E0,1.521830856E0
4.610554078E0,5.051851869E-1,-8.063415289E-1,1.217911601E0,1.545544371E0
4.612766890E0,5.271763206E-1,-8.197805285E-1,1.230129004E0,1.569449698E0
4.614979703E0,5.540543795E-1,-8.356630206E-1,1.247233152E0,1.600281062E0
4.617192515E0,5.833758712E-1,-8.515455127E-1,1.270446062E0,1.636914892E0
4.619405276E0,6.126973629E-1,-8.674280047E-1,1.294880629E0,1.674677654E0
4.621618088E0,6.432406306E-1,-8.881973624E-1,1.324202180E0,1.719350016E0
4.623830901E0,6.762273312E-1,-9.114102721E-1,1.355967045E0,1.768219080E0
4.626043713E0,7.128791809E-1,-9.358448386E-1,1.390175581E0,1.821150854E0
4.628256526E0,7.470875978E-1,-9.639446139E-1,1.426827431E0,1.877009753E0
4.630469286E0,7.861829996E-1,-9.944878817E-1,1.465922713E0,1.938045215E0
4.632682098E0,8.216131330E-1,-1.028696299E0,1.508683324E0,2.002346021E0
4.634894911E0,8.570432663E-1,-1.062904716E0,1.552665591E0,2.067621830E0
4.637107723E0,8.961386085E-1,-1.102000117E0,1.594204307E0,2.135171196E0
4.639320484E0,9.327905178E-1,-1.139873624E0,1.638186574E0,2.202967381E0
4.641533296E0,9.682206511E-1,-1.177747250E0,1.680947185E0,2.269388299E0
4.643746109E0,9.999856353E-1,-1.216842651E0,1.723707676E0,2.334918727E0
4.645958921E0,1.030528903E0,-1.255937934E0,1.766468167E0,2.399954104E0
4.648171734E0,1.062293887E0,-1.297476768E0,1.806785345E0,2.465032972E0
4.650384546E0,1.089171886E0,-1.336572170E0,1.847102404E0,2.526758369E0
4.652597307E0,1.114828229E0,-1.380554438E0,1.883754253E0,2.587914725E0
4.654810119E0,1.139262795E0,-1.424536705E0,1.919184446E0,2.647733650E0
4.657022932E0,1.161253929E0,-1.470962405E0,1.953392863E0,2.707025076E0
4.659235744E0,1.183245063E0,-1.513722897E0,1.986379504E0,2.763535674E0
4.661448505E0,1.200349331E0,-1.555261731E0,2.021809816E0,2.819112006E0
4.663661317E0,1.216231823E0,-1.589470148E0,2.053574562E0,2.867543144E0
4.665874130E0,1.227227330E0,-1.622456908E0,2.084117889E0,2.912387460E0
4.668086942E0,1.234557748E0,-1.646891475E0,2.113439322E0,2.950086461E0
4.670299755E0,1.240666389E0,-1.656665325E0,2.151313066E0,2.985287423E0
4.672512567E0,1.249218464E0,-1.646891475E0,2.191630125E0,3.012646827E0
4.674725380E0,1.257770538E0,-1.633452415E0,2.224616766E0,3.032997408E0
4.676938140E0,1.269987822E0,-1.626121998E0,2.246608019E0,3.050309723E0
4.679150953E0,1.280983448E0,-1.607796073E0,2.267377377E0,3.060543575E0
4.681363713E0,1.288313866E0,-1.573587656E0,2.279594660E0,3.054911216E0
4.683576526E0,1.290757298E0,-1.541822672E0,2.283259869E0,3.042457425E0
4.685789338E0,1.290757298E0,-1.512501240E0,2.277151108E0,3.023099663E0
4.688002151E0,1.288313866E0,-1.483179688E0,2.264933825E0,2.998249462E0
4.690214963E0,1.282205224E0,-1.459966779E0,2.244164467E0,2.968472231E0
4.692427776E0,1.271209598E0,-1.441640854E0,2.218508244E0,2.935316170E0
4.694640536E0,1.257770538E0,-1.429423571E0,2.187964916E0,2.900418754E0
4.696853348E0,1.239444613E0,-1.415984511E0,2.150091410E0,2.857293852E0
4.699066161E0,1.217453480E0,-1.403767228E0,2.112217665E0,2.813222151E0
4.701278973E0,1.190575480E0,-1.396436930E0,2.074344158E0,2.769550462E0
4.703491786E0,1.163697362E0,-1.392771721E0,2.035248756E0,2.726947399E0
4.705704598E0,1.128267288E0,-1.400102019E0,1.993709922E0,2.684800177E0
4.707917359E0,1.087950230E0,-1.407432437E0,1.957058072E0,2.644726463E0
4.710130171E0,1.046411395E0,-1.412319422E0,1.924071312E0,2.606083915E0
4.712342984E0,1.003650784E0,-1.419649720E0,1.894749880E0,2.571535987E0
4.714555796E0,9.608902931E-1,-1.428201914E0,1.871536970E0,2.542778302E0
4.716768557E0,9.193515182E-1,-1.435532212E0,1.850767612E0,2.516207603E0
4.718981369E0,8.778126836E-1,-1.452636480E0,1.834885120E0,2.499502202E0
4.721194182E0,8.399390578E-1,-1.470962405E0,1.822667837E0,2.488241560E0
4.723406994E0,8.020654321E-1,-1.492953539E0,1.814115644E0,2.482586312E0
4.725619807E0,7.690787315E-1,-1.516166329E0,1.810450435E0,2.483540459E0
4.727832567E0,7.397572398E-1,-1.541822672E0,1.811672211E0,2.491307714E0
4.730045380E0,7.128791809E-1,-1.567479014E0,1.817780852E0,2.503899841E0
4.732258192E0,6.908880472E-1,-1.598022223E0,1.825111270E0,2.522306973E0
4.734471005E0,6.737838387E-1,-1.629787207E0,1.833663344E0,2.544113256E0
4.736683817E0,6.603448391E-1,-1.665217400E0,1.847102404E0,2.573089890E0
4.738896578E0,6.505709887E-1,-1.701869249E0,1.864206553E0,2.606696688E0
4.741109390E0,6.481275558E-1,-1.736077666E0,1.883754253E0,2.642454367E0
4.743322203E0,6.444623470E-1,-1.769064426E0,1.904523611E0,2.678083428E0
4.745535015E0,6.469057798E-1,-1.800829411E0,1.925293088E0,2.714447850E0
4.747747828E0,6.505709887E-1,-1.830150843E0,1.948505878E0,2.751248785E0
4.749960640E0,6.579013467E-1,-1.850920320E0,1.970497012E0,2.782372852E0
4.752173453E0,6.652317643E-1,-1.868024468E0,1.994931698E0,2.812792419E0
4.754386213E0,6.737838387E-1,-1.876576662E0,2.016922712E0,2.836106813E0
4.756616630E0,6.798924804E-1,-1.880241752E0,2.035248756E0,2.853033531E0
4.758811838E0,6.872228980E-1,-1.874133110E0,2.053574562E0,2.863881755E0
4.761024651E0,6.945532560E-1,-1.861915827E0,2.067013741E0,2.867347306E0
4.763237463E0,7.006618977E-1,-1.844811678E0,2.079231024E0,2.866611043E0
4.765450223E0,7.043271065E-1,-1.825263977E0,2.084117889E0,2.858533301E0
4.767663036E0,7.092140317E-1,-1.802051067E0,2.085339546E0,2.845876599E0
4.769875848E0,7.141009569E-1,-1.780059934E0,2.079231024E0,2.828737385E0
4.772088661E0,7.165443897E-1,-1.756847143E0,2.069457054E0,2.807596881E0
4.774301473E0,7.189878225E-1,-1.740964651E0,2.052352905E0,2.785687321E0
4.776514286E0,7.177661061E-1,-1.723860383E0,2.030361891E0,2.758487305E0
4.778727046E0,7.116574645E-1,-1.705534458E0,2.009592295E0,2.730158480E0
4.780939859E0,7.055488229E-1,-1.683543324E0,1.982714415E0,2.695046144E0
4.783152671E0,6.933315396E-1,-1.666439176E0,1.955836296E0,2.661395079E0
4.785365484E0,6.786707640E-1,-1.649334908E0,1.928958297E0,2.627123856E0
4.787578296E0,6.591231227E-1,-1.624900341E0,1.898414969E0,2.584322698E0
4.789791057E0,6.346884966E-1,-1.602909207E0,1.864206553E0,2.539175749E0
4.792014182E0,6.065887213E-1,-1.576031089E0,1.833663344E0,2.492818712E0
4.794216682E0,5.760455132E-1,-1.551596522E0,1.800676703E0,2.445754851E0
4.796429494E0,5.430588126E-1,-1.530827165E0,1.764024734E0,2.397942440E0
4.798642307E0,5.064069033E-1,-1.511279464E0,1.728594661E0,2.351266270E0
4.800855119E0,4.648680985E-1,-1.496618748E0,1.689499259E0,2.304425692E0
4.803067880E0,4.196641147E-1,-1.488066554E0,1.647960424E0,2.259697679E0
4.805280692E0,3.695732057E-1,-1.480736256E0,1.603978157E0,2.214025777E0
4.807493505E0,3.194822669E-1,-1.469740629E0,1.562439442E0,2.168737754E0
4.809706317E0,2.645044625E-1,-1.451414704E0,1.518457174E0,2.117139449E0
4.811919130E0,2.095266134E-1,-1.433088779E0,1.472031355E0,2.065071709E0
4.814131890E0,1.545487940E-1,-1.411097646E0,1.430492640E0,2.015289331E0
4.816344703E0,9.590577334E-2,-1.389106512E0,1.385288596E0,1.964138313E0
4.818557515E0,3.848448023E-2,-1.364671946E0,1.342528105E0,1.914730343E0
4.820770328E0,-2.015853859E-2,-1.340237379E0,1.299767494E0,1.867093500E0
4.822983140E0,-7.880155742E-2,-1.312137604E0,1.258228779E0,1.819630302E0
4.825195953E0,-1.386663020E-1,-1.273042202E0,1.213024735E0,1.763885994E0
4.827408713E0,-1.973093301E-1,-1.226616502E0,1.164155602E0,1.702579596E0
4.829621526E0,-2.535088956E-1,-1.176525593E0,1.116508126E0,1.641666722E0
4.831834338E0,-3.097084463E-1,-1.122769475E0,1.065195441E0,1.578344685E0
4.834047151E0,-3.634645343E-1,-1.064126492E0,1.013882875E0,1.514077324E0
4.836259963E0,-4.123337269E-1,-1.006705165E0,9.613484740E-1,1.451780038E0
4.838472723E0,-4.612029195E-1,-9.456186891E-1,9.100357890E-1,1.391067207E0
4.840685536E0,-5.039634705E-1,-8.869756460E-1,8.575014472E-1,1.332671643E0
4.842898348E0,-5.442805290E-1,-8.258891702E-1,8.074105382E-1,1.276810868E0
4.845111161E0,-5.797106624E-1,-7.709113359E-1,7.536544204E-1,1.224076683E0
4.847323973E0,-6.151408553E-1,-7.159335017E-1,7.035635114E-1,1.177268306E0
4.849536786E0,-6.469057798E-1,-6.646208763E-1,6.522508860E-1,1.133860316E0
4.851749598E0,-6.774490476E-1,-6.181951761E-1,5.997164845E-1,1.095793023E0
4.853962411E0,-7.043271065E-1,-5.754346251E-1,5.496255755E-1,1.062680551E0
4.856175171E0,-7.299833894E-1,-5.387827158E-1,4.995346665E-1,1.035711083E0
4.858387984E0,-7.519745231E-1,-5.045742989E-1,4.531089365E-1,1.012604866E0
4.860602984E0,-7.764091492E-1,-4.789179862E-1,4.103484154E-1,1.000279674E0
4.862813609E0,-7.959567904E-1,-4.495964646E-1,3.700313270E-1,9.862085866E-1
4.865026421E0,-8.155044913E-1,-4.276053309E-1,3.321577311E-1,9.788884782E-1
4.867239182E0,-8.326086998E-1,-4.056142271E-1,2.991710305E-1,9.732746034E-1
4.869451994E0,-8.509346247E-1,-3.897317350E-1,2.710712552E-1,9.744024765E-1
4.871664807E0,-8.692606091E-1,-3.775144219E-1,2.490801066E-1,9.798836895E-1
4.873877619E0,-8.851430416E-1,-3.689623177E-1,2.295324355E-1,9.860509799E-1
4.876090432E0,-9.010255337E-1,-3.616319597E-1,2.173151523E-1,9.949123389E-1
4.878307098E0,-9.144645929E-1,-3.640754223E-1,2.075413018E-1,1.005917391E0
4.880516005E0,-9.279035926E-1,-3.677406013E-1,2.038761228E-1,1.018726509E0
4.882728817E0,-9.364557266E-1,-3.775144219E-1,2.038761228E-1,1.030064047E0
4.884941630E0,-9.450078011E-1,-3.921751976E-1,2.075413018E-1,1.043989713E0
4.887154442E0,-9.523382187E-1,-4.129445851E-1,2.112064958E-1,1.059282539E0
4.889367255E0,-9.584468603E-1,-4.361574650E-1,2.197586000E-1,1.075707935E0
4.891580015E0,-9.633337855E-1,-4.642572403E-1,2.270889878E-1,1.093213692E0
4.893792828E0,-9.682206511E-1,-4.935787320E-1,2.368628234E-1,1.112283773E0
4.896011838E0,-9.718858600E-1,-5.253437161E-1,2.466366589E-1,1.131979587E0
4.898218453E0,-9.767727852E-1,-5.534434915E-1,2.564104795E-1,1.151577660E0
4.900431265E0,-9.792162180E-1,-5.790998340E-1,2.649625838E-1,1.168086551E0
4.902644026E0,-9.828814268E-1,-5.998691916E-1,2.771798968E-1,1.184368035E0
4.904856890E0,-9.877683520E-1,-6.133082509E-1,2.881754637E-1,1.197864110E0
4.907069651E0,-9.889900684E-1,-6.206386089E-1,3.003927469E-1,1.205624088E0
4.909282463E0,-9.938769937E-1,-6.230821013E-1,3.126100600E-1,1.213980162E0
4.911495276E0,-9.938769937E-1,-6.194168925E-1,3.223838806E-1,1.214660501E0
4.913708088E0,-9.963204265E-1,-6.169734001E-1,3.297142684E-1,1.217383287E0
4.915920901E0,-1.001207352E0,-6.084213257E-1,3.358229101E-1,1.218757440E0
4.918133713E0,-1.006094337E0,-6.023126841E-1,3.394880891E-1,1.220761462E0
4.920346473E0,-1.012202978E0,-5.949822664E-1,3.407098353E-1,1.222555503E0
4.922559286E0,-1.019533277E0,-5.876519084E-1,3.382663727E-1,1.224421090E0
4.924772098E0,-1.030528903E0,-5.839866996E-1,3.321577311E-1,1.230186589E0
4.926984911E0,-1.043967962E0,-5.827649832E-1,3.199404180E-1,1.237677665E0
4.929197671E0,-1.058628678E0,-5.803215504E-1,3.052796721E-1,1.245256383E0
4.931410536E0,-1.078176379E0,-5.778780580E-1,2.857320011E-1,1.256204653E0
4.933623296E0,-1.098945737E0,-5.742129087E-1,2.649625838E-1,1.267914574E0
4.935836109E0,-1.123380303E0,-5.742129087E-1,2.393062711E-1,1.284122760E0
4.938048921E0,-1.150258422E0,-5.717694163E-1,2.148716897E-1,1.302376499E0
4.940261734E0,-1.179579854E0,-5.705476999E-1,1.879936308E-1,1.323735213E0
4.942474494E0,-1.207679629E0,-5.693259835E-1,1.623373181E-1,1.344981623E0
4.944687307E0,-1.239444613E0,-5.693259835E-1,1.391244531E-1,1.371025397E0
4.946900119E0,-1.271209598E0,-5.668824911E-1,1.146898642E-1,1.396597066E0
4.949112932E0,-1.304196358E0,-5.656607747E-1,9.269873053E-2,1.424602859E0
4.951325744E0,-1.337182999E0,-5.607738495E-1,7.070759684E-2,1.451731809E0
4.953538557E0,-1.367726207E0,-5.510000587E-1,4.871646687E-2,1.475347192E0
4.955751369E0,-1.400712967E0,-5.412262082E-1,2.794706449E-2,1.501900017E0
4.957964130E0,-1.432477951E0,-5.302306414E-1,5.955931731E-3,1.527472778E0
4.960176942E0,-1.461799383E0,-5.229002237E-1,-1.237001177E-2,1.552557599E0
4.962389755E0,-1.491120934E0,-5.167915821E-1,-3.436114267E-2,1.578510649E0
4.964602567E0,-1.515555501E0,-5.094612241E-1,-5.268708616E-2,1.599760965E0
4.966820640E0,-1.543655276E0,-5.082395077E-1,-7.101303339E-2,1.626721199E0
4.969028140E0,-1.569311619E0,-5.082395077E-1,-8.689551800E-2,1.651846599E0
4.971240953E0,-1.593746185E0,-5.119046569E-1,-9.911280870E-2,1.676871083E0
4.973453765E0,-1.613293886E0,-5.204567909E-1,-1.137735620E-1,1.698981123E0
4.975666578E0,-1.632841587E0,-5.302306414E-1,-1.247691289E-1,1.721302855E0
4.977879390E0,-1.652389288E0,-5.448913574E-1,-1.369864196E-1,1.745297175E0
4.980092203E0,-1.667050004E0,-5.595521331E-1,-1.467602700E-1,1.764565919E0
4.982305015E0,-1.680489063E0,-5.827649832E-1,-1.553123742E-1,1.785435647E0
4.984517776E0,-1.691484571E0,-6.047561169E-1,-1.614210159E-1,1.803581647E0
4.986730588E0,-1.701258421E0,-6.291907430E-1,-1.687513888E-1,1.821712995E0
4.988943401E0,-1.711032271E0,-6.548470259E-1,-1.736383140E-1,1.840273438E0
4.991156213E0,-1.714697480E0,-6.805033684E-1,-1.785252392E-1,1.853414024E0
4.993369026E0,-1.722027779E0,-7.049379349E-1,-1.809686869E-1,1.869509783E0
4.995581838E0,-1.724471331E0,-7.281508446E-1,-1.846338809E-1,1.880982374E0
4.997794598E0,-1.724471331E0,-7.513636947E-1,-1.858556122E-1,1.890209269E0
5.000009078E0,-1.725692987E0,-7.733548284E-1,-1.895207912E-1,1.900529428E0
5.002220223E0,-1.724471331E0,-7.953459620E-1,-1.944077164E-1,1.908971170E0
5.004433036E0,-1.724471331E0,-8.185588121E-1,-2.005163580E-1,1.919387066E0
5.006645848E0,-1.722027779E0,-8.356630206E-1,-2.054032832E-1,1.925072171E0
5.008858661E0,-1.718362570E0,-8.539889455E-1,-2.139553875E-1,1.930762530E0
5.011071473E0,-1.713475704E0,-8.674280047E-1,-2.237292230E-1,1.933516252E0
5.013284234E0,-1.707367063E0,-8.833104968E-1,-2.371682525E-1,1.936901779E0
5.015497046E0,-1.700036645E0,-8.930842876E-1,-2.506072819E-1,1.936628036E0
5.017709859E0,-1.690262794E0,-8.967494965E-1,-2.677114904E-1,1.932050055E0
5.019922671E0,-1.681710720E0,-8.991929293E-1,-2.860374451E-1,1.928345480E0
5.022135484E0,-1.671936870E0,-8.991929293E-1,-3.092502952E-1,1.923423137E0
5.024348296E0,-1.664606571E0,-8.906408548E-1,-3.312414289E-1,1.916736042E0
5.026561057E0,-1.653610945E0,-8.808670044E-1,-3.593412042E-1,1.907742629E0
5.028773869E0,-1.641393661E0,-8.662062287E-1,-3.837758005E-1,1.895196625E0
5.030986682E0,-1.629176378E0,-8.491020203E-1,-4.082103968E-1,1.881973868E0
5.033199494E0,-1.614515662E0,-8.295543790E-1,-4.375318885E-1,1.867151693E0
5.035412307E0,-1.599854827E0,-8.087849617E-1,-4.607447684E-1,1.850933365E0
5.037625119E0,-1.586415887E0,-7.880155444E-1,-4.851793647E-1,1.836595459E0
5.039837932E0,-1.575420260E0,-7.648026943E-1,-5.108356476E-1,1.824232775E0
5.042050692E0,-1.564424753E0,-7.428115606E-1,-5.352702737E-1,1.812652225E0
5.044263505E0,-1.557094336E0,-7.208204269E-1,-5.621483326E-1,1.805584561E0
5.046476317E0,-1.549763918E0,-6.976075768E-1,-5.878046155E-1,1.798315545E0
5.048689130E0,-1.543655276E0,-6.780598760E-1,-6.171261668E-1,1.795405668E0
5.050901942E0,-1.539990067E0,-6.560688019E-1,-6.427824497E-1,1.793088107E0
5.053114703E0,-1.537546635E0,-6.389645338E-1,-6.708822250E-1,1.795106763E0
5.055327515E0,-1.533881426E0,-6.218603253E-1,-7.014254928E-1,1.797637398E0
5.057540328E0,-1.532659769E0,-6.108647585E-1,-7.295252681E-1,1.803998015E0
5.059753192E0,-1.535103202E0,-6.023126841E-1,-7.588467598E-1,1.815260536E0
5.061965953E0,-1.539990067E0,-5.949822664E-1,-7.893900275E-1,1.829948065E0
5.064178765E0,-1.548542261E0,-5.925388336E-1,-8.187115192E-1,1.849154930E0
5.066391578E0,-1.560759544E0,-5.974257588E-1,-8.492547870E-1,1.874599047E0
5.068613921E0,-1.577863693E0,-6.035344005E-1,-8.785762787E-1,1.904154375E0
5.070817203E0,-1.597411394E0,-6.120865345E-1,-9.091194868E-1,1.937232905E0
5.073029963E0,-1.623067737E0,-6.218603253E-1,-9.408844709E-1,1.976441937E0
5.075242776E0,-1.658497930E0,-6.267472506E-1,-9.750928879E-1,2.023421271E0
5.077455588E0,-1.692706347E0,-6.267472506E-1,-1.009301305E0,2.068031918E0
5.079668401E0,-1.734245062E0,-6.243038177E-1,-1.045953274E0,2.119287485E0
5.081881213E0,-1.779449105E0,-6.206386089E-1,-1.082605124E0,2.173399470E0
5.084093973E0,-1.830761790E0,-6.181951761E-1,-1.121700406E0,2.234293134E0
5.086314286E0,-1.884517789E0,-6.169734001E-1,-1.157130599E0,2.295869050E0
5.088519598E0,-1.939495683E0,-6.194168925E-1,-1.191339016E0,2.358942441E0
5.090732411E0,-1.996917009E0,-6.218603253E-1,-1.221882224E0,2.422268353E0
5.092945223E0,-2.055559874E0,-6.230821013E-1,-1.254868984E0,2.487620121E0
5.095158036E0,-2.112981319E0,-6.218603253E-1,-1.282968760E0,2.549001600E0
5.097370796E0,-2.169180870E0,-6.145299673E-1,-1.304959893E0,2.604978513E0
5.099583661E0,-2.221715212E0,-6.023126841E-1,-1.328172803E0,2.657600806E0
5.101796421E0,-2.271806002E0,-5.864301920E-1,-1.345276952E0,2.704583694E0
5.104009234E0,-2.314566612E0,-5.668824911E-1,-1.359937668E0,2.743720981E0
5.106222046E0,-2.353662014E0,-5.497782826E-1,-1.372155070E0,2.779350747E0
5.108434859E0,-2.386648655E0,-5.314523578E-1,-1.379485369E0,2.807403301E0
5.110647671E0,-2.414748430E0,-5.180133581E-1,-1.383150578E0,2.830627729E0
5.112860432E0,-2.436739683E0,-5.131264329E-1,-1.381928802E0,2.847933678E0
5.115073244E0,-2.456287384E0,-5.106829405E-1,-1.378263712E0,2.862473692E0
5.117286057E0,-2.469726324E0,-5.167915821E-1,-1.367268085E0,2.869850810E0
5.119498869E0,-2.481943607E0,-5.241219997E-1,-1.356272578E0,2.876494959E0
5.121711682E0,-2.486830473E0,-5.326740742E-1,-1.341611743E0,2.875411195E0
5.123924494E0,-2.491717339E0,-5.412262082E-1,-1.323285818E0,2.872745457E0
5.126137307E0,-2.491717339E0,-5.485565662E-1,-1.302516460E0,2.864632390E0
5.128350067E0,-2.488052130E0,-5.558869243E-1,-1.281746984E0,2.853469643E0
5.130562932E0,-2.484387159E0,-5.595521331E-1,-1.264642835E0,2.843343041E0
5.132775692E0,-2.475834846E0,-5.681042671E-1,-1.241429925E0,2.827304176E0
5.134988505E0,-2.463617563E0,-5.766563416E-1,-1.223104000E0,2.810325147E0
5.137201317E0,-2.447735071E0,-5.827649832E-1,-1.202334642E0,2.788661076E0
5.139414130E0,-2.430630922E0,-5.900954008E-1,-1.181565166E0,2.766274662E0
5.141626942E0,-2.409861565E0,-5.937605500E-1,-1.163239241E0,2.741005269E0
5.143839755E0,-2.385426998E0,-5.937605500E-1,-1.141248107E0,2.710214161E0
5.146052515E0,-2.359770536E0,-5.925388336E-1,-1.118035316E0,2.677615025E0
5.148265328E0,-2.332892656E0,-5.839866996E-1,-1.094822407E0,2.642359687E0
5.150478140E0,-2.302349329E0,-5.717694163E-1,-1.074053049E0,2.604097281E0
5.152690953E0,-2.273027897E0,-5.546652079E-1,-1.049618363E0,2.564372832E0
5.154903765E0,-2.242484570E0,-5.338957906E-1,-1.028849006E0,2.524343882E0
5.157116526E0,-2.213163137E0,-5.119046569E-1,-1.009301305E0,2.485724557E0
5.159329338E0,-2.183841705E0,-4.886918366E-1,-9.885319471E-1,2.446462694E0
5.161542203E0,-2.156963587E0,-4.642572403E-1,-9.702059627E-1,2.410254408E0
5.163754963E0,-2.131307125E0,-4.386008978E-1,-9.531017542E-1,2.375551255E0
5.165967776E0,-2.105650902E0,-4.166097939E-1,-9.396627545E-1,2.343137967E0
5.168180588E0,-2.082437992E0,-3.958403766E-1,-9.262236953E-1,2.313250511E0
5.170393401E0,-2.061668634E0,-3.762927055E-1,-9.140064120E-1,2.286368623E0
5.172612151E0,-2.042120934E0,-3.616319597E-1,-9.030108452E-1,2.261960249E0
5.174819026E0,-2.023795128E0,-3.469711840E-1,-8.944587708E-1,2.239685740E0
5.177031786E0,-2.009134293E0,-3.310887218E-1,-8.846849203E-1,2.220114356E0
5.179244598E0,-1.993251801E0,-3.127627671E-1,-8.761327863E-1,2.199654961E0
5.181457411E0,-1.979812741E0,-2.944368124E-1,-8.639155030E-1,2.180069156E0
5.183670223E0,-1.970038891E0,-2.748891413E-1,-8.541416526E-1,2.164757546E0
5.185883036E0,-1.959043384E0,-2.590066791E-1,-8.443678617E-1,2.148928227E0
5.188095848E0,-1.954156399E0,-2.431241870E-1,-8.321505189E-1,2.137828592E0
5.190310015E0,-1.948047757E0,-2.296851575E-1,-8.199332356E-1,2.126014075E0
5.192521421E0,-1.939495683E0,-2.211330533E-1,-8.089376688E-1,2.113036555E0
5.194734234E0,-1.934608698E0,-2.064722925E-1,-7.991638184E-1,2.103331745E0
5.196947046E0,-1.932165265E0,-1.942549944E-1,-7.906117439E-1,2.096679409E0
5.199159807E0,-1.929721832E0,-1.771507859E-1,-7.796161771E-1,2.088781974E0
5.201372671E0,-1.926056623E0,-1.576031148E-1,-7.686206102E-1,2.079738085E0
5.203585432E0,-1.924834967E0,-1.368337125E-1,-7.600684762E-1,2.073985825E0
5.205798244E0,-1.923613191E0,-1.123991162E-1,-7.502946854E-1,2.067816090E0
5.208011057E0,-1.923613191E0,-8.674279600E-2,-7.417425513E-1,2.063490740E0
5.210223869E0,-1.926056623E0,-6.230820715E-2,-7.344121933E-1,2.062265186E0
5.212436682E0,-1.927278399E0,-3.665188700E-2,-7.283035517E-1,2.060624045E0
5.214649494E0,-1.928500056E0,-1.221729536E-2,-7.234166265E-1,2.059755652E0
5.216862307E0,-1.932165265E0,1.099556591E-2,-7.221949100E-1,2.062752773E0
5.219075119E0,-1.935830474E0,3.543015569E-2,-7.197514176E-1,2.065608148E0
5.221287880E0,-1.938273907E0,5.986474827E-2,-7.209731340E-1,2.068886605E0
5.223500692E0,-1.940717459E0,8.185587823E-2,-7.270817757E-1,2.074061848E0
5.225713505E0,-1.941939116E0,1.038470119E-1,-7.319687009E-1,2.077905173E0
5.227926317E0,-1.939495683E0,1.246164143E-1,-7.405208349E-1,2.079794187E0
5.230139130E0,-1.939495683E0,1.453858167E-1,-7.502946854E-1,2.084639694E0
5.232351942E0,-1.938273907E0,1.649334878E-1,-7.612902522E-1,2.088940315E0
5.234564703E0,-1.933387041E0,1.832594275E-1,-7.710640430E-1,2.089523684E0
5.236777515E0,-1.932165265E0,2.028071135E-1,-7.796161771E-1,2.093369227E0
5.238990380E0,-1.923613191E0,2.223547846E-1,-7.857248187E-1,2.089759041E0
5.241203140E0,-1.916282773E0,2.382372618E-1,-7.906117439E-1,2.086615343E0
5.243415953E0,-1.907730699E0,2.528980076E-1,-7.942769527E-1,2.081890895E0
5.245628765E0,-1.890626550E0,2.712239623E-1,-7.918334603E-1,2.067614910E0
5.247841578E0,-1.869857073E0,2.895499170E-1,-7.796161771E-1,2.046461827E0
5.250054390E0,-1.839313865E0,3.078758419E-1,-7.637336850E-1,2.015230054E0
5.252267151E0,-1.802662015E0,3.200931549E-1,-7.368556261E-1,1.973577002E0
5.254479963E0,-1.757457972E0,3.274235129E-1,-7.075341344E-1,1.922620407E0
5.256692828E0,-1.708588839E0,3.310887218E-1,-6.721040010E-1,1.865641806E0
5.258905588E0,-1.660941362E0,3.310887218E-1,-6.330085993E-1,1.808050286E0
5.261118401E0,-1.615737319E0,3.310887218E-1,-5.926915407E-1,1.752572420E0
5.263331213E0,-1.570533395E0,3.359756172E-1,-5.511527658E-1,1.698005928E0
5.265544026E0,-1.532659769E0,3.420842886E-1,-5.096139312E-1,1.650991819E0
5.267756838E0,-1.493564367E0,3.469711840E-1,-4.717403352E-1,1.604263839E0
5.269969598E0,-1.455690742E0,3.518581092E-1,-4.302015305E-1,1.558176184E0
5.272182411E0,-1.421482325E0,3.506363928E-1,-3.923279047E-1,1.515743733E0
5.274395223E0,-1.388495684E0,3.518581092E-1,-3.568977416E-1,1.476177628E0
5.276609442E0,-1.356730700E0,3.481929302E-1,-3.226893246E-1,1.437388225E0
5.278820848E0,-1.331074357E0,3.408625424E-1,-2.945895493E-1,1.405250590E0
5.281033661E0,-1.305418015E0,3.359756172E-1,-2.677114904E-1,1.374287179E0
5.283246473E0,-1.282205224E0,3.274235129E-1,-2.432768941E-1,1.345525935E0
5.285459286E0,-1.260214090E0,3.249800503E-1,-2.225074917E-1,1.320326161E0
5.287672046E0,-1.239444613E0,3.225366175E-1,-2.054032832E-1,1.297090332E0
5.289884859E0,-1.222340465E0,3.262017965E-1,-1.931859851E-1,1.279783047E0
5.292097671E0,-1.202792764E0,3.359756172E-1,-1.821904182E-1,1.262055227E0
5.294310484E0,-1.188132048E0,3.457494676E-1,-1.724165827E-1,1.249371016E0
5.296523296E0,-1.169806004E0,3.604102135E-1,-1.675296724E-1,1.235478773E0
5.298736109E0,-1.155145288E0,3.799578846E-1,-1.638644785E-1,1.227020862E0
5.300948921E0,-1.142928004E0,4.031707644E-1,-1.638644785E-1,1.222981053E0
5.303161682E0,-1.130710721E0,4.288270772E-1,-1.614210159E-1,1.220023008E0
5.305374494E0,-1.122158647E0,4.569268525E-1,-1.638644785E-1,1.222650295E0
5.307587307E0,-1.116050005E0,4.850266278E-1,-1.663079411E-1,1.228200625E0
5.309800119E0,-1.113606453E0,5.106829405E-1,-1.724165827E-1,1.237191932E0
5.312012932E0,-1.114828229E0,5.375609994E-1,-1.797469556E-1,1.250648942E0
5.314225744E0,-1.118493438E0,5.632173419E-1,-1.846338809E-1,1.265832143E0
5.316438557E0,-1.127045512E0,5.913171172E-1,-1.919642538E-1,1.287143269E0
5.318651369E0,-1.135597587E0,6.206386089E-1,-1.980729103E-1,1.309200916E0
5.320864182E0,-1.144149780E0,6.487383842E-1,-2.054032832E-1,1.331214002E0
5.323076942E0,-1.156367064E0,6.768381596E-1,-2.102901936E-1,1.356287818E0
5.325289755E0,-1.171027780E0,7.037162185E-1,-2.151771188E-1,1.383048723E0
5.327502567E0,-1.188132048E0,7.269290686E-1,-2.176205814E-1,1.409766772E0
5.329715380E0,-1.205236197E0,7.525854111E-1,-2.200640440E-1,1.437848140E0
5.331928192E0,-1.222340465E0,7.733548284E-1,-2.225074917E-1,1.463456007E0
5.334141005E0,-1.240666389E0,7.916807532E-1,-2.200640440E-1,1.488099354E0
5.336353765E0,-1.256548882E0,8.075632453E-1,-2.163988501E-1,1.509271993E0
5.338566578E0,-1.273653030E0,8.234457374E-1,-2.139553875E-1,1.531676151E0
5.340779390E0,-1.289535522E0,8.381064534E-1,-2.090684772E-1,1.552106285E0
5.342992203E0,-1.304196358E0,8.478803039E-1,-2.029598206E-1,1.568764430E0
5.345205015E0,-1.316413641E0,8.576541543E-1,-1.944077164E-1,1.583132933E0
5.347417828E0,-1.326187491E0,8.649845123E-1,-1.870773435E-1,1.594355482E0
5.349630640E0,-1.337182999E0,8.723149300E-1,-1.773035079E-1,1.606371141E0
5.351843453E0,-1.344513416E0,8.772017956E-1,-1.663079411E-1,1.613957139E0
5.354056213E0,-1.349400282E0,8.796452880E-1,-1.528689116E-1,1.618031476E0
5.356269026E0,-1.356730700E0,8.808670044E-1,-1.406516135E-1,1.623708024E0
5.358481838E0,-1.361617565E0,8.857539296E-1,-1.235474050E-1,1.629056899E0
5.360694651E0,-1.366504550E0,8.894191384E-1,-1.076649204E-1,1.634011268E0
5.362907463E0,-1.373834848E0,8.967494965E-1,-8.811724186E-2,1.642968806E0
5.365120276E0,-1.378721833E0,9.040798545E-1,-6.734783947E-2,1.650081819E0
5.367333088E0,-1.388495684E0,9.126319885E-1,-4.535670951E-2,1.662189713E0
5.369545848E0,-1.397047758E0,9.272927642E-1,-2.092211880E-2,1.676917423E0
5.371758661E0,-1.408043265E0,9.395100474E-1,1.069013379E-3,1.692709694E0
5.373971473E0,-1.420260668E0,9.529490471E-1,2.550360374E-2,1.710527020E0
5.376184286E0,-1.430034399E0,9.663881063E-1,4.871646687E-2,1.726637672E0
5.378397098E0,-1.437364817E0,9.822705388E-1,7.559451461E-2,1.742580718E0
5.380609911E0,-1.441030025E0,1.004261732E0,9.880737960E-2,1.759224846E0
5.382822723E0,-1.443473458E0,1.028696299E0,1.207985133E-1,1.776632765E0
5.385035484E0,-1.439808249E0,1.056796074E0,1.415679157E-1,1.791621392E0
5.387248296E0,-1.434921384E0,1.087339282E0,1.598938555E-1,1.807449069E0
5.389461109E0,-1.430034399E0,1.114217401E0,1.769980639E-1,1.821484865E0
5.391673921E0,-1.417817116E0,1.141095400E0,1.867718995E-1,1.829532134E0
5.393886734E0,-1.401934624E0,1.164308310E0,1.977674663E-1,1.833070239E0
5.396099546E0,-1.384830475E0,1.182634234E0,2.026543915E-1,1.832334025E0
5.398328921E0,-1.361617565E0,1.203403592E0,2.038761228E-1,1.828591828E0
5.400525171E0,-1.335961223E0,1.222951293E0,2.038761228E-1,1.822626601E0
5.402737932E0,-1.307861447E0,1.243720651E0,2.026543915E-1,1.816152919E0
5.404950796E0,-1.280983448E0,1.265711784E0,1.977674663E-1,1.811644801E0
5.407163557E0,-1.252883673E0,1.293811560E0,1.928805560E-1,1.811316857E0
5.409376369E0,-1.226005554E0,1.321911335E0,1.867718995E-1,1.812573568E0
5.411589182E0,-1.201570988E0,1.356119752E0,1.843284518E-1,1.821211300E0
5.413801994E0,-1.178358197E0,1.391549945E0,1.818849891E-1,1.832490502E0
5.416014807E0,-1.157588720E0,1.429423571E0,1.782197952E-1,1.847978811E0
5.418227619E0,-1.136819363E0,1.469740629E0,1.757763475E-1,1.866385037E0
5.420440432E0,-1.119715095E0,1.514944673E0,1.745546162E-1,1.891900782E0
5.422653192E0,-1.107497811E0,1.562592149E0,1.696676910E-1,1.922766952E0
5.424866005E0,-1.095280528E0,1.612683058E0,1.684459597E-1,1.956721779E0
5.427078817E0,-1.083063245E0,1.666439176E0,1.635590494E-1,1.994190834E0
5.429291630E0,-1.073289394E0,1.718973517E0,1.562286615E-1,2.032542121E0
5.431504442E0,-1.067180753E0,1.770286083E0,1.488982886E-1,2.072428111E0
5.433717255E0,-1.061072111E0,1.817933559E0,1.391244531E-1,2.109528873E0
5.435930067E0,-1.057406902E0,1.869246244E0,1.293506175E-1,2.151493077E0
5.438142880E0,-1.056185246E0,1.912006736E0,1.195767820E-1,2.187600429E0
5.440355640E0,-1.057406902E0,1.951102138E0,1.098029464E-1,2.221928351E0
5.442568453E0,-1.061072111E0,1.984088778E0,1.036942974E-1,2.252384251E0
5.444781265E0,-1.068402529E0,2.014631987E0,1.012508348E-1,2.282647090E0
5.446994078E0,-1.078176379E0,2.037844896E0,9.880737960E-2,2.307604607E0
5.449206890E0,-1.091615319E0,2.058614254E0,9.880737960E-2,2.332226308E0
5.451419703E0,-1.109941363E0,2.070831537E0,1.000291109E-1,2.351663009E0
5.453632515E0,-1.131932378E0,2.073275089E0,1.049160287E-1,2.364476237E0
5.455845276E0,-1.158810496E0,2.069609880E0,1.122464016E-1,2.374600193E0
5.458058088E0,-1.188132048E0,2.056170940E0,1.220202371E-1,2.377895212E0
5.460270953E0,-1.218675256E0,2.042731762E0,1.305723488E-1,2.382219882E0
5.462483713E0,-1.252883673E0,2.020740747E0,1.427896470E-1,2.381910903E0
5.464696526E0,-1.288313866E0,1.997527838E0,1.550069451E-1,2.381994381E0
5.466913140E0,-1.324965715E0,1.970649719E0,1.684459597E-1,2.380623554E0
5.469122151E0,-1.364060998E0,1.941328287E0,1.806632578E-1,2.379507751E0
5.471334963E0,-1.400712967E0,1.910785079E0,1.965457499E-1,2.377336044E0
5.473547776E0,-1.432477951E0,1.882685304E0,2.087630332E-1,2.374885058E0
5.475760536E0,-1.461799383E0,1.854585528E0,2.270889878E-1,2.372322560E0
5.477973348E0,-1.489899158E0,1.827707410E0,2.417497337E-1,2.370391700E0
5.480186161E0,-1.509446859E0,1.800829411E0,2.564104795E-1,2.363717987E0
5.482398973E0,-1.526551127E0,1.778838277E0,2.698495090E-1,2.359542904E0
5.484619234E0,-1.536324978E0,1.766620994E0,2.832885385E-1,2.358282546E0
5.486824598E0,-1.542433619E0,1.758068800E0,2.955058515E-1,2.357378010E0
5.489037411E0,-1.541211843E0,1.753181934E0,3.065013885E-1,2.354341509E0
5.491250223E0,-1.536324978E0,1.754403591E0,3.150535226E-1,2.353186164E0
5.493462984E0,-1.524107575E0,1.760512352E0,3.248273432E-1,2.351131737E0
5.495675848E0,-1.508225083E0,1.771507859E0,3.297142684E-1,2.349828610E0
5.497888609E0,-1.487455726E0,1.784946918E0,3.333794475E-1,2.347275419E0
5.500101421E0,-1.466686368E0,1.798385859E0,3.370446563E-1,2.344986076E0
5.502321682E0,-1.438586593E0,1.813046694E0,3.382663727E-1,2.339036947E0
5.504526994E0,-1.406821609E0,1.827707410E0,3.382663727E-1,2.331112514E0
5.506739859E0,-1.371391416E0,1.842368126E0,3.407098353E-1,2.321878101E0
5.508952671E0,-1.334739566E0,1.858250618E0,3.419315517E-1,2.313340064E0
5.511165432E0,-1.299309373E0,1.875354886E0,3.443750143E-1,2.307326363E0
5.513378296E0,-1.261435747E0,1.890015602E0,3.455967605E-1,2.298437783E0
5.515591057E0,-1.219896913E0,1.904676437E0,3.480401933E-1,2.288465159E0
5.517803869E0,-1.179579854E0,1.915671945E0,3.492619395E-1,2.276662367E0
5.520016682E0,-1.138041139E0,1.924224019E0,3.504836559E-1,2.262877483E0
5.522229494E0,-1.098945737E0,1.935219646E0,3.504836559E-1,2.252908254E0
5.524442307E0,-1.058628678E0,1.941328287E0,3.504836559E-1,2.238814193E0
5.526655119E0,-1.020755053E0,1.943771720E0,3.492619395E-1,2.223099926E0
5.528867932E0,-9.841031432E-1,1.943771720E0,3.492619395E-1,2.206511137E0
5.531080692E0,-9.486730099E-1,1.941328287E0,3.492619395E-1,2.188771322E0
5.533293505E0,-9.132428169E-1,1.936441302E0,3.455967605E-1,2.168698799E0
5.535506317E0,-8.802561760E-1,1.929111004E0,3.407098353E-1,2.147650668E0
5.537719130E0,-8.497129083E-1,1.926667571E0,3.358229101E-1,2.132331349E0
5.539931942E0,-8.191696405E-1,1.932776213E0,3.260490894E-1,2.124375390E0
5.542144755E0,-7.910698652E-1,1.944993496E0,3.211621642E-1,2.124131909E0
5.544357567E0,-7.654135823E-1,1.954767346E0,3.187187016E-1,2.123335805E0
5.546570380E0,-7.397572398E-1,1.964541078E0,3.174969554E-1,2.123079541E0
5.548783140E0,-7.177661061E-1,1.981645346E0,3.187187016E-1,2.131592848E0
5.550995953E0,-6.957749724E-1,1.995084405E0,3.187187016E-1,2.136830879E0
5.553208765E0,-6.786707640E-1,2.007301569E0,3.162752390E-1,2.142401368E0
5.555421578E0,-6.603448391E-1,2.014631987E0,3.187187016E-1,2.143916733E0
5.557634390E0,-6.444623470E-1,2.014631987E0,3.174969554E-1,2.138896462E0
5.559847203E0,-6.310232878E-1,2.013410330E0,3.162752390E-1,2.133551399E0
5.562060015E0,-6.151408553E-1,2.008523464E0,3.138317764E-1,2.123924472E0
5.564272828E0,-5.980366468E-1,2.002414703E0,3.113883138E-1,2.112883139E0
5.566485640E0,-5.797106624E-1,1.995084405E0,3.113883138E-1,2.100806730E0
5.568698453E0,-5.626064539E-1,1.987753987E0,3.101665974E-1,2.088993838E0
5.570911265E0,-5.455022454E-1,1.980423570E0,3.077231348E-1,2.077099839E0
5.573124026E0,-5.283980370E-1,1.970649719E0,3.089448512E-1,2.063519257E0
5.575336838E0,-5.125155449E-1,1.962097645E0,3.077231348E-1,2.051144285E0
5.577549651E0,-4.917461574E-1,1.954767346E0,3.077231348E-1,2.039025059E0
5.579762463E0,-4.734202027E-1,1.946215153E0,3.065013885E-1,2.026283102E0
5.581975223E0,-4.550942481E-1,1.941328287E0,3.077231348E-1,2.017562842E0
5.584188088E0,-4.367683232E-1,1.933997869E0,3.089448512E-1,2.006629325E0
5.586400901E0,-4.159989059E-1,1.925445795E0,3.101665974E-1,1.994141399E0
5.588614130E0,-3.915643096E-1,1.910785079E0,3.138317764E-1,1.975579057E0
5.590826473E0,-3.671297431E-1,1.890015602E0,3.199404180E-1,1.951744116E0
5.593039286E0,-3.402516842E-1,1.863137603E0,3.297142684E-1,1.922437108E0
5.595252098E0,-3.109301627E-1,1.830150843E0,3.419315517E-1,1.887603470E0
5.597464911E0,-2.803869247E-1,1.800829411E0,3.565923274E-1,1.857084134E0
5.599677723E0,-2.486219704E-1,1.772729635E0,3.700313270E-1,1.827924076E0
5.601890536E0,-2.131918073E-1,1.748294950E0,3.871355653E-1,1.803291414E0
5.604103348E0,-1.814268380E-1,1.728747368E0,4.066832364E-1,1.785181899E0
5.606318244E0,-1.459966749E-1,1.706756234E0,4.286743701E-1,1.765812444E0
5.608528973E0,-1.081230640E-1,1.681099892E0,4.518872201E-1,1.744130013E0
5.610741734E0,-7.147117704E-2,1.657886982E0,4.763218164E-1,1.726435590E0
5.612954546E0,-3.481929377E-2,1.635895848E0,5.007563829E-1,1.711176369E0
5.615167359E0,4.276053514E-3,1.616348147E0,5.251910090E-1,1.699536765E0
5.617380171E0,4.337139800E-2,1.596800566E0,5.508472919E-1,1.689699933E0
5.619592984E0,8.368847519E-2,1.580918074E0,5.765036345E-1,1.684832976E0
5.621805796E0,1.264490038E-1,1.563813806E0,6.033816934E-1,1.680943913E0
5.624018609E0,1.692095399E-1,1.551596522E0,6.302597523E-1,1.683244187E0
5.626231369E0,2.119700760E-1,1.541822672E0,6.595812440E-1,1.690324194E0
5.628444182E0,2.535088956E-1,1.534492373E0,6.852375865E-1,1.699554105E0
5.630656994E0,2.938259542E-1,1.532048821E0,7.145590782E-1,1.715838559E0
5.632869807E0,3.341430426E-1,1.532048821E0,7.402154207E-1,1.733996549E0
5.635082619E0,3.707949221E-1,1.534492373E0,7.646499872E-1,1.754093875E0
5.637295432E0,4.050033391E-1,1.534492373E0,7.854194045E-1,1.770756389E0
5.639508244E0,4.416552484E-1,1.547931314E0,8.061888218E-1,1.800303065E0
5.641721057E0,4.795288444E-1,1.595578790E0,8.306233883E-1,1.861653781E0
5.643933869E0,5.222893953E-1,1.646891475E0,8.513928056E-1,1.926112004E0
5.646146630E0,5.613847375E-1,1.678656459E0,8.660535216E-1,1.970555514E0
5.648359442E0,5.980366468E-1,1.684765100E0,8.746056557E-1,1.990230220E0
5.650572255E0,6.346884966E-1,1.681099892E0,8.721621633E-1,1.997396599E0
5.652785067E0,6.676751971E-1,1.668882608E0,8.636100888E-1,1.994186981E0
5.654997880E0,6.982184649E-1,1.668882608E0,8.513928056E-1,1.999386880E0
5.657210692E0,7.275399566E-1,1.682321548E0,8.367320299E-1,2.014855000E0
5.659423505E0,7.544180155E-1,1.699425817E0,8.184061050E-1,2.031497773E0
5.661636317E0,7.751874328E-1,1.715308309E0,7.988584042E-1,2.044840556E0
5.663849130E0,7.910698652E-1,1.728747368E0,7.756455541E-1,2.053286395E0
5.666061890E0,8.020654321E-1,1.743408084E0,7.487674952E-1,2.059959579E0
5.668274703E0,8.081740737E-1,1.753181934E0,7.182242870E-1,2.059766578E0
5.670487515E0,8.093958497E-1,1.753181934E0,6.827940941E-1,2.048164132E0
5.672700328E0,8.057306409E-1,1.748294950E0,6.436987519E-1,2.029799295E0
5.674913140E0,7.947350740E-1,1.737299442E0,6.021599770E-1,2.003100054E0
5.677125953E0,7.825177908E-1,1.732412457E0,5.557342172E-1,1.980511938E0
5.679338713E0,7.641918659E-1,1.737299442E0,5.093085170E-1,1.965093821E0
5.681551526E0,7.446441650E-1,1.742186308E0,4.616610706E-1,1.950086923E0
5.683764390E0,7.189878225E-1,1.751960158E0,4.140135944E-1,1.938482691E0
5.685977151E0,6.884446144E-1,1.766620994E0,3.651444316E-1,1.930864101E0
5.688190015E0,6.554579139E-1,1.781281710E0,3.162752390E-1,1.924219227E0
5.690402776E0,6.212494969E-1,1.808159709E0,2.759581506E-1,1.931720832E0
5.692615588E0,5.907062292E-1,1.830150843E0,2.356410921E-1,1.937501659E0
5.694828401E0,5.601630211E-1,1.844811678E0,1.977674663E-1,1.938098219E0
5.697041213E0,5.296197534E-1,1.847255111E0,1.647807807E-1,1.928730472E0
5.699254026E0,4.978547990E-1,1.835037827E0,1.379027218E-1,1.906368377E0
5.701466838E0,4.685332775E-1,1.802051067E0,1.171333194E-1,1.865645115E0
5.703679651E0,4.404335022E-1,1.776394725E0,1.000291109E-1,1.832911812E0
5.705892411E0,4.159989059E-1,1.766620994E0,9.147699922E-2,1.817243205E0
5.708105276E0,3.940077722E-1,1.750738502E0,9.147699922E-2,1.796857108E0
5.710318036E0,3.781253099E-1,1.739742875E0,9.636391699E-2,1.782966636E0
5.712530848E0,3.646862805E-1,1.731190801E0,1.085812151E-1,1.772514472E0
5.714743661E0,3.536907136E-1,1.700647593E0,1.317940801E-1,1.742030147E0
5.716956473E0,3.475820720E-1,1.660330415E0,1.562286615E-1,1.703501622E0
5.719169286E0,3.451386094E-1,1.629787207E0,1.892153621E-1,1.676642315E0
5.721382046E0,3.488037884E-1,1.600465775E0,2.270889878E-1,1.653700150E0
5.723594911E0,3.573558927E-1,1.573587656E0,2.649625838E-1,1.635263439E0
5.725807671E0,3.671297431E-1,1.539379239E0,3.052796721E-1,1.611728379E0
5.728020536E0,3.646862805E-1,1.494175196E0,3.431532979E-1,1.575852082E0
5.730233296E0,4.001164436E-1,1.439197421E0,3.798051775E-1,1.541309300E0
5.732446109E0,4.147771895E-1,1.387884736E0,4.176788032E-1,1.507554225E0
5.734658921E0,4.355465770E-1,1.331685185E0,4.567741454E-1,1.473678687E0
5.736871734E0,4.587594569E-1,1.276707411E0,4.934260249E-1,1.443575871E0
5.739084546E0,4.856374860E-1,1.229059935E0,5.288561583E-1,1.423418746E0
5.741297359E0,5.112938285E-1,1.176525593E0,5.630646348E-1,1.400955257E0
5.743510119E0,5.381718874E-1,1.127656341E0,5.984947681E-1,1.385436318E0
5.745722932E0,5.662716627E-1,1.080008984E0,6.290380359E-1,1.372141338E0
5.747935744E0,5.955931544E-1,1.038470149E0,6.583595276E-1,1.366231578E0
5.750148557E0,6.249146461E-1,1.006705165E0,6.852375865E-1,1.368767385E0
5.752361369E0,6.554579139E-1,9.773836732E-1,7.096721530E-1,1.374241058E0
5.754574182E0,6.835576892E-1,9.480621219E-1,7.292198539E-1,1.377619141E0
5.756786994E0,7.104357481E-1,9.175189137E-1,7.475457788E-1,1.380356693E0
5.758999807E0,7.373138070E-1,8.894191384E-1,7.585413456E-1,1.382057534E0
5.761212619E0,7.629700899E-1,8.662062287E-1,7.646499872E-1,1.384603261E0
5.763425432E0,7.874047160E-1,8.417716622E-1,7.670934200E-1,1.384564203E0
5.765638192E0,8.106175661E-1,8.148936033E-1,7.670934200E-1,1.381877252E0
5.767851057E0,8.313869834E-1,7.867938280E-1,7.634282708E-1,1.375889374E0
5.770063869E0,8.533781171E-1,7.611374855E-1,7.548761368E-1,1.370190667E0
5.772276630E0,8.729257584E-1,7.476984859E-1,7.451022863E-1,1.369755388E0
5.774489442E0,8.936951756E-1,7.428115606E-1,7.328850031E-1,1.373892466E0
5.776702255E0,9.156863093E-1,7.440332770E-1,7.182242870E-1,1.381272262E0
5.778922411E0,9.364557266E-1,7.440332770E-1,7.011200786E-1,1.386399729E0
5.781127880E0,9.608902931E-1,7.440332770E-1,6.803506613E-1,1.392757228E0
5.783340640E0,9.865466356E-1,7.476984859E-1,6.620246768E-1,1.403782021E0
5.785553505E0,1.010981202E0,7.562506199E-1,6.412553191E-1,1.416053098E0
5.787766265E0,1.040302753E0,7.721330523E-1,6.192641854E-1,1.435934330E0
5.789979078E0,1.067180753E0,7.904590368E-1,5.972730517E-1,1.456171469E0
5.792191890E0,1.097723961E0,8.148936033E-1,5.765036345E-1,1.483713557E0
5.794404703E0,1.129488945E0,8.393282294E-1,5.557342172E-1,1.512963210E0
5.796621161E0,1.163697362E0,8.613193631E-1,5.374082923E-1,1.544302518E0
5.798830328E0,1.200349331E0,8.784235716E-1,5.239692926E-1,1.577025779E0
5.801043140E0,1.235779405E0,8.906408548E-1,5.080868006E-1,1.605784564E0
5.803255953E0,1.274874806E0,9.053016305E-1,4.946477413E-1,1.639985732E0
5.805468713E0,1.312748432E0,9.211840630E-1,4.848739207E-1,1.675407784E0
5.807681578E0,1.355508924E0,9.407317638E-1,4.775435328E-1,1.717681146E0
5.809894338E0,1.394604325E0,9.627228975E-1,4.702131748E-1,1.758652050E0
5.812107151E0,1.434921384E0,9.834923148E-1,4.653262496E-1,1.800773453E0
5.814319963E0,1.472795010E0,1.004261732E0,4.616610706E-1,1.841411880E0
5.816532828E0,1.509446859E0,1.021365881E0,4.592176080E-1,1.879494319E0
5.818745588E0,1.544877052E0,1.037248373E0,4.567741454E-1,1.916030249E0
5.820958401E0,1.577863693E0,1.048243999E0,4.555523992E-1,1.948331929E0
5.823171213E0,1.609628677E0,1.059239507E0,4.531089365E-1,1.979444498E0
5.825384026E0,1.637728453E0,1.069013357E0,4.518872201E-1,2.007273300E0
5.827596786E0,1.663384795E0,1.072678566E0,4.531089365E-1,2.030466939E0
5.829809598E0,1.684154153E0,1.076343775E0,4.543306828E-1,2.049709126E0
5.832022411E0,1.697593212E0,1.077565432E0,4.592176080E-1,2.062486554E0
5.834235223E0,1.706145287E0,1.072678566E0,4.628827870E-1,2.067808386E0
5.836448036E0,1.706145287E0,1.064126492E0,4.689914286E-1,2.064763882E0
5.838660848E0,1.702480197E0,1.056796074E0,4.738783538E-1,2.059081702E0
5.840873661E0,1.693928003E0,1.047022223E0,4.799869955E-1,2.048422596E0
5.843086473E0,1.682932496E0,1.040913582E0,4.848739207E-1,2.037367318E0
5.845299286E0,1.671936870E0,1.033583164E0,4.909825623E-1,2.026013556E0
5.847512098E0,1.658497930E0,1.032361507E0,4.970912039E-1,2.015808852E0
5.849724859E0,1.642615438E0,1.027474523E0,5.044215918E-1,2.002081545E0
5.851937671E0,1.627954602E0,1.025031090E0,5.093085170E-1,1.990055298E0
5.854150484E0,1.613293886E0,1.021365881E0,5.105302334E-1,1.976498557E0
5.856363296E0,1.597411394E0,1.016479015E0,5.129737258E-1,1.961656136E0
5.858576109E0,1.582750678E0,1.007926941E0,5.117519498E-1,1.944969533E0
5.860788921E0,1.568089843E0,1.000596523E0,5.093085170E-1,1.928599057E0
5.863001734E0,1.552207351E0,9.908226728E-1,5.031998754E-1,1.909001661E0
5.865214546E0,1.537546635E0,9.810488224E-1,4.995346665E-1,1.891042392E0
5.867427359E0,1.524107575E0,9.688315392E-1,4.922043085E-1,1.871844955E0
5.869640119E0,1.513112068E0,9.602794051E-1,4.873173833E-1,1.857181439E0
5.871852984E0,1.500894785E0,9.541707635E-1,4.787652791E-1,1.841831478E0
5.874065744E0,1.489899158E0,9.505056143E-1,4.702131748E-1,1.828759376E0
5.876278557E0,1.480125308E0,9.443969727E-1,4.628827870E-1,1.815741458E0
5.878491369E0,1.472795010E0,9.419534802E-1,4.543306828E-1,1.806327177E0
5.880704182E0,1.466686368E0,9.382883310E-1,4.482220411E-1,1.797903471E0
5.882917307E0,1.463021159E0,9.346231222E-1,4.421133697E-1,1.791484168E0
5.885129807E0,1.463021159E0,9.370665550E-1,4.421133697E-1,1.792760127E0
5.887342619E0,1.467908025E0,9.395100474E-1,4.433351159E-1,1.798326757E0
5.889555380E0,1.471573234E0,9.468404055E-1,4.445568323E-1,1.805454323E0
5.891768192E0,1.477681875E0,9.517273307E-1,4.482220411E-1,1.813899566E0
5.893981057E0,1.486233950E0,9.517273307E-1,4.494437575E-1,1.821174334E0
5.896193817E0,1.496007800E0,9.517273307E-1,4.518872201E-1,1.829761271E0
5.898406630E0,1.508225083E0,9.492838383E-1,4.543306828E-1,1.839102791E0
5.900619442E0,1.521664143E0,9.443969727E-1,4.531089365E-1,1.847337304E0
5.902832255E0,1.537546635E0,9.382883310E-1,4.531089365E-1,1.857348205E0
5.905045067E0,1.554650903E0,9.334014058E-1,4.543306828E-1,1.869383316E0
5.907257880E0,1.571755052E0,9.334014058E-1,4.543306828E-1,1.883631730E0
5.909470692E0,1.587637544E0,9.334014058E-1,4.555523992E-1,1.897197708E0
5.911683453E0,1.603520036E0,9.309579134E-1,4.555523992E-1,1.909315880E0
5.913896265E0,1.620624304E0,9.334014058E-1,4.555523992E-1,1.924886830E0
5.916109078E0,1.632841587E0,9.321796298E-1,4.518872201E-1,1.933735393E0
5.918321890E0,1.646280527E0,9.334014058E-1,4.494437575E-1,1.945116307E0
5.920534703E0,1.657276154E0,9.309579134E-1,4.445568323E-1,1.952146937E0
5.922747515E0,1.663384795E0,9.285144806E-1,4.396699369E-1,1.955069761E0
5.924960328E0,1.673158646E0,9.260709882E-1,4.323395491E-1,1.960608277E0
5.927173140E0,1.676823854E0,9.224058390E-1,4.237874448E-1,1.960144528E0
5.929385953E0,1.676823854E0,9.187406301E-1,4.164570570E-1,1.956849270E0
5.931598765E0,1.676823854E0,9.175189137E-1,4.091266990E-1,1.954728588E0
5.933811578E0,1.671936870E0,9.162971973E-1,4.017963111E-1,1.948438792E0
5.936024338E0,1.665828228E0,9.187406301E-1,3.944659233E-1,1.942851357E0
5.938237151E0,1.657276154E0,9.236275554E-1,3.822486401E-1,1.935398185E0
5.940449963E0,1.646280527E0,9.248492718E-1,3.736965358E-1,1.924898660E0
5.942662776E0,1.635285020E0,9.224058390E-1,3.614792228E-1,1.911977211E0
5.944875588E0,1.623067737E0,9.236275554E-1,3.517054021E-1,1.900298247E0
5.947088401E0,1.609628677E0,9.224058390E-1,3.394880891E-1,1.885998190E0
5.949301213E0,1.597411394E0,9.199623466E-1,3.272708058E-1,1.872207270E0
5.951514026E0,1.586415887E0,9.138537049E-1,3.113883138E-1,1.857096293E0
5.953726786E0,1.570533395E0,9.016364217E-1,3.003927469E-1,1.835690383E0
5.955939651E0,1.557094336E0,8.857539296E-1,2.881754637E-1,1.814427704E0
5.958152411E0,1.543655276E0,8.698714375E-1,2.808450758E-1,1.793996066E0
5.960365223E0,1.533881426E0,8.552106619E-1,2.771798968E-1,1.777921877E0
5.962578036E0,1.520442486E0,8.405499458E-1,2.747364342E-1,1.758905817E0
5.964790848E0,1.507003427E0,8.271108866E-1,2.735147178E-1,1.740684362E0
5.967003661E0,1.496007800E0,8.136718869E-1,2.698495090E-1,1.724215774E0
5.969216473E0,1.482568860E0,8.014546037E-1,2.710712552E-1,1.706991368E0
5.971429286E0,1.470351577E0,7.880155444E-1,2.722929716E-1,1.690279776E0
5.973642098E0,1.456912518E0,7.757982612E-1,2.722929716E-1,1.672901817E0
5.975854911E0,1.441030025E0,7.635809779E-1,2.735147178E-1,1.653612332E0
5.978067723E0,1.426369309E0,7.501419783E-1,2.759581506E-1,1.635052077E0
5.980280484E0,1.411708474E0,7.391464114E-1,2.796233594E-1,1.617852730E0
5.982493296E0,1.398269534E0,7.244856358E-1,2.845102847E-1,1.600307229E0
5.984706109E0,1.384830475E0,7.147117853E-1,2.893971801E-1,1.585029687E0
5.986918921E0,1.373834848E0,7.073814273E-1,2.942841053E-1,1.573026957E0
5.989131734E0,1.361617565E0,7.012727857E-1,2.991710305E-1,1.560541322E0
5.991344546E0,1.351843715E0,6.914989352E-1,3.016144931E-1,1.548103197E0
5.993557307E0,1.345735073E0,6.841685772E-1,3.028362095E-1,1.539740010E0
5.995770171E0,1.340848207E0,6.731730103E-1,3.028362095E-1,1.530603014E0
5.997982984E0,1.334739566E0,6.585122347E-1,3.065013885E-1,1.519575985E0
6.000195744E0,1.332296133E0,6.414080262E-1,3.052796721E-1,1.509838707E0
6.002408609E0,1.331074357E0,6.230821013E-1,3.065013885E-1,1.501310544E0
6.004621421E0,1.328630924E0,6.047561169E-1,3.052796721E-1,1.491370434E0
6.006834182E0,1.329852581E0,5.864301920E-1,3.040579557E-1,1.484876930E0
6.009046994E0,1.329852581E0,5.705476999E-1,3.052796721E-1,1.478928072E0
6.011259807E0,1.329852581E0,5.571087003E-1,3.065013885E-1,1.474049216E0
6.013472619E0,1.331074357E0,5.375609994E-1,3.040579557E-1,1.467372486E0
6.015685432E0,1.332296133E0,5.167915821E-1,3.052796721E-1,1.461260485E0
6.017898244E0,1.329852581E0,4.948004782E-1,3.077231348E-1,1.451905275E0
6.020111057E0,1.331074357E0,4.740310609E-1,3.077231348E-1,1.446083648E0
6.022323817E0,1.329852581E0,4.618137777E-1,3.077231348E-1,1.440997356E0
6.024536630E0,1.331074357E0,4.544833899E-1,3.113883138E-1,1.440582097E0
6.026749442E0,1.329852581E0,4.544833899E-1,3.150535226E-1,1.440250590E0
6.028962255E0,1.329852581E0,4.532616735E-1,3.187187016E-1,1.440671941E0
6.031175067E0,1.327409148E0,4.532616735E-1,3.236056268E-1,1.439507483E0
6.033387880E0,1.323743939E0,4.532616735E-1,3.260490894E-1,1.436680956E0
6.035600692E0,1.322522283E0,4.544833899E-1,3.309359848E-1,1.437059138E0
6.037813505E0,1.317635298E0,4.508182108E-1,3.333794475E-1,1.431971261E0
6.040026265E0,1.312748432E0,4.471530318E-1,3.358229101E-1,1.426895689E0
6.042239130E0,1.306639791E0,4.447095692E-1,3.358229101E-1,1.420510883E0
6.044451890E0,1.300531149E0,4.434878230E-1,3.346011937E-1,1.414220873E0
6.046664755E0,1.290757298E0,4.373791814E-1,3.321577311E-1,1.402741498E0
6.048877515E0,1.282205224E0,4.324922562E-1,3.284925222E-1,1.392482361E0
6.051090328E0,1.271209598E0,4.239401519E-1,3.248273432E-1,1.378844406E0
6.053303140E0,1.262657523E0,4.166097939E-1,3.223838806E-1,1.368137094E0
6.055515953E0,1.249218464E0,4.068359435E-1,3.187187016E-1,1.351903793E0
6.057728765E0,1.237001181E0,3.933969140E-1,3.162752390E-1,1.336025104E0
6.059941578E0,1.226005554E0,3.775144219E-1,3.138317764E-1,1.320642700E0
6.062154390E0,1.213788271E0,3.591884971E-1,3.113883138E-1,1.303557066E0
6.064367203E0,1.202792764E0,3.396408260E-1,3.101665974E-1,1.287738188E0
6.066579963E0,1.190575480E0,3.200931549E-1,3.065013885E-1,1.270382896E0
6.068792776E0,1.179579854E0,2.993237376E-1,3.052796721E-1,1.254670877E0
6.071005588E0,1.166140914E0,2.773326039E-1,3.052796721E-1,1.236929134E0
6.073223505E0,1.156367064E0,2.577849329E-1,3.040579557E-1,1.223147210E0
6.075431213E0,1.145371437E0,2.345720828E-1,3.040579557E-1,1.208036022E0
6.077644026E0,1.134375930E0,2.138026655E-1,3.016144931E-1,1.193101686E0
6.079856838E0,1.125823736E0,1.942549944E-1,3.016144931E-1,1.181602890E0
6.082069651E0,1.118493438E0,1.783725172E-1,2.979492843E-1,1.171161006E0
6.084282463E0,1.113606453E0,1.576031148E-1,2.955058515E-1,1.162876512E0
6.086495276E0,1.111163020E0,1.380554438E-1,2.918406427E-1,1.157114309E0
6.088708036E0,1.109941363E0,1.160643101E-1,2.881754637E-1,1.152599606E0
6.090928140E0,1.108719587E0,9.651663154E-2,2.857320011E-1,1.149007119E0
6.093133661E0,1.112384796E0,7.696896046E-2,2.820668221E-1,1.150167748E0
6.095346473E0,1.114828229E0,6.108647957E-2,2.820668221E-1,1.151579450E0
6.097559286E0,1.118493438E0,4.642572254E-2,2.808450758E-1,1.154147683E0
6.099772098E0,1.122158647E0,3.298669681E-2,2.808450758E-1,1.157239002E0
6.101984911E0,1.123380303E0,1.710421406E-2,2.808450758E-1,1.158080229E0
6.104197723E0,1.124602079E0,3.665188793E-3,2.832885385E-1,1.159739482E0
6.106410536E0,1.125823736E0,-1.221729536E-2,2.845102847E-1,1.161281383E0
6.108631682E0,1.125823736E0,-2.809977904E-2,2.881754637E-1,1.162460227E0
6.110836109E0,1.124602079E0,-4.520399496E-2,2.906189263E-1,1.162425309E0
6.113048973E0,1.123380303E0,-5.986474827E-2,2.955058515E-1,1.163138342E0
6.115261734E0,1.119715095E0,-7.208204269E-2,2.979492843E-1,1.160918382E0
6.117474546E0,1.112384796E0,-8.918625861E-2,3.016144931E-1,1.155995426E0
6.119687359E0,1.107497811E0,-1.026252806E-1,3.052796721E-1,1.153377227E0
6.121900171E0,1.101389170E0,-1.148425788E-1,3.089448512E-1,1.149649443E0
6.124112984E0,1.095280528E0,-1.233946830E-1,3.126100600E-1,1.145683522E0
6.126325796E0,1.090393662E0,-1.319467872E-1,3.138317764E-1,1.142304109E0
6.128538609E0,1.081841469E0,-1.404989064E-1,3.174969554E-1,1.136188903E0
6.130751369E0,1.078176379E0,-1.490510106E-1,3.162752390E-1,1.133450720E0
6.132964182E0,1.072067738E0,-1.539379209E-1,3.150535226E-1,1.127956045E0
6.135177046E0,1.069624186E0,-1.600465775E-1,3.150535226E-1,1.126485476E0
6.137389807E0,1.064737320E0,-1.649334878E-1,3.126100600E-1,1.121870610E0
6.139602619E0,1.061072111E0,-1.710421443E-1,3.077231348E-1,1.117954815E0
6.141815432E0,1.054963470E0,-1.771507859E-1,3.016144931E-1,1.111441238E0
6.144028244E0,1.051298261E0,-1.808159798E-1,2.942841053E-1,1.106582842E0
6.146241057E0,1.047633052E0,-1.820377111E-1,2.869537175E-1,1.101369682E0
6.148453869E0,1.043967962E0,-1.808159798E-1,2.808450758E-1,1.096101036E0
6.150666682E0,1.043967962E0,-1.795942485E-1,2.698495090E-1,1.093134007E0
6.152879442E0,1.045189619E0,-1.783725172E-1,2.576322258E-1,1.091151895E0
6.155092307E0,1.045189619E0,-1.747073233E-1,2.454149276E-1,1.087737319E0
6.157305119E0,1.047633052E0,-1.722638607E-1,2.319758981E-1,1.086748668E0
6.159517880E0,1.051298261E0,-1.661552191E-1,2.136499584E-1,1.085579060E0
6.161730692E0,1.056185246E0,-1.588248461E-1,1.977674663E-1,1.086215713E0
6.163943505E0,1.061072111E0,-1.502727419E-1,1.806632578E-1,1.086782009E0
6.166156317E0,1.068402529E0,-1.417206228E-1,1.660024971E-1,1.090470324E0
6.168369130E0,1.074511170E0,-1.295033395E-1,1.476765573E-1,1.092315767E0
6.170581942E0,1.080619812E0,-1.221729591E-1,1.305723488E-1,1.095314817E0
6.172794755E0,1.084285021E0,-1.123991162E-1,1.110246703E-1,1.095734477E0
6.175007567E0,1.090393662E0,-1.014035568E-1,9.636391699E-2,1.099330262E0
6.177221005E0,1.096502304E0,-9.162971377E-2,8.170316368E-2,1.103353395E0
6.179433140E0,1.096502304E0,-7.941242307E-2,6.826414168E-2,1.101491547E0
6.181645953E0,1.100167513E0,-7.086031139E-2,5.360338464E-2,1.103749547E0
6.183858765E0,1.101389170E0,-6.230820715E-2,4.138609022E-2,1.103926277E0
6.186071578E0,1.103832603E0,-5.253437161E-2,3.405570984E-2,1.105606651E0
6.188284390E0,1.101389170E0,-4.642572254E-2,2.672533318E-2,1.102691115E0
6.190497203E0,1.097723961E0,-3.909534588E-2,2.061668597E-2,1.098613393E0
6.192710015E0,1.091615319E0,-3.420842811E-2,1.695149764E-2,1.092282736E0
6.194925744E0,1.084285021E0,-3.176496923E-2,1.328630932E-2,1.084831575E0
6.197135640E0,1.075732827E0,-2.687804960E-2,1.084284950E-2,1.076123186E0
6.199348453E0,1.067180753E0,-2.443459071E-2,9.621120058E-3,1.067503805E0
6.201561265E0,1.054963470E0,-2.687804960E-2,7.177661173E-3,1.055330219E0
6.203774026E0,1.045189619E0,-3.298669681E-2,5.955931731E-3,1.045726989E0
6.205986838E0,1.032972336E0,-4.276053607E-2,7.177661173E-3,1.033881922E0
6.208199651E0,1.020755053E0,-5.497783050E-2,8.399390616E-3,1.022269039E0
6.210412463E0,1.008537769E0,-6.475166976E-2,1.206457894E-2,1.010686284E0
6.212632098E0,9.987639189E-1,-7.819069177E-2,1.572976820E-2,1.001943399E0
6.214838088E0,9.877683520E-1,-8.796452731E-2,2.428187430E-2,9.919746392E-1
6.217050901E0,9.767727852E-1,-9.529490769E-2,3.039052337E-2,9.818807347E-1
6.219263713E0,9.694424272E-1,-1.014035568E-1,3.772090003E-2,9.754610024E-1
6.221476526E0,9.645555019E-1,-1.062904745E-1,4.138609022E-2,9.712763715E-1
6.223689338E0,9.596685767E-1,-1.075121984E-1,4.749473557E-2,9.668393868E-1
6.225902098E0,9.572250843E-1,-1.111773923E-1,4.871646687E-2,9.648904439E-1
6.228114911E0,9.560033679E-1,-1.111773923E-1,5.360338464E-2,9.639378480E-1
6.230327723E0,9.547816515E-1,-1.038470119E-1,5.482511222E-2,9.619760895E-1
6.232540536E0,9.596685767E-1,-9.529490769E-2,5.482511222E-2,9.659454899E-1
6.234753348E0,9.621120095E-1,-8.796452731E-2,5.482511222E-2,9.676792185E-1
6.236966161E0,9.657772183E-1,-8.552107215E-2,5.482511222E-2,9.711051860E-1
6.239178973E0,9.694424272E-1,-8.796452731E-2,5.482511222E-2,9.749677792E-1
6.241391786E0,9.731075764E-1,-9.040798992E-2,5.482511222E-2,9.788348956E-1
6.243604546E0,9.755510688E-1,-9.040798992E-2,5.604684353E-2,9.813331448E-1
6.245817359E0,9.804379940E-1,-9.407317638E-2,5.482511222E-2,9.864655166E-1
6.248030171E0,9.841031432E-1,-9.896009415E-2,5.482511222E-2,9.905846201E-1
6.250243036E0,9.877683520E-1,-1.026252806E-1,5.115992576E-2,9.944021337E-1
6.252455796E0,9.902117848E-1,-1.111773923E-1,5.115992576E-2,9.977460245E-1
6.254668609E0,9.938769937E-1,-1.160643101E-1,4.749473557E-2,1.001757532E0
6.256881421E0,1.001207352E0,-1.197294965E-1,4.627300799E-2,1.009402053E0
6.259094234E0,1.004872561E0,-1.221729591E-1,4.505127668E-2,1.013274253E0
6.261307046E0,1.008537769E0,-1.221729591E-1,4.260781780E-2,1.016803860E0
6.263519807E0,1.017089844E0,-1.209512278E-1,4.138609022E-2,1.025092073E0
6.265732671E0,1.023198485E0,-1.246164143E-1,4.260781780E-2,1.031639383E0
6.267945432E0,1.030528903E0,-1.258381456E-1,4.260781780E-2,1.039057498E0
6.270158296E0,1.034194112E0,-1.270598769E-1,4.505127668E-2,1.042943570E0
6.272371057E0,1.040302753E0,-1.295033395E-1,4.871646687E-2,1.049463781E0
6.274583869E0,1.046411395E0,-1.307250559E-1,5.115992576E-2,1.055785578E0
6.276796682E0,1.050076604E0,-1.319467872E-1,5.726857483E-2,1.059882313E0
6.279009494E0,1.056185246E0,-1.319467872E-1,6.337722391E-2,1.066280404E0
6.281222307E0,1.061072111E0,-1.343902498E-1,7.070759684E-2,1.071883542E0
6.283442359E0,1.065959096E0,-1.368337125E-1,7.681624591E-2,1.077447444E0
6.285647932E0,1.070845962E0,-1.417206228E-1,8.536835015E-2,1.083551366E0
6.287860744E0,1.075732827E0,-1.441640854E-1,9.025526792E-2,1.089096145E0
6.290073557E0,1.079398036E0,-1.490510106E-1,9.392046183E-2,1.093680656E0
6.292286317E0,1.081841469E0,-1.551596522E-1,9.514218569E-2,1.097044902E0
6.294499182E0,1.084285021E0,-1.576031148E-1,9.880737960E-2,1.100125287E0
6.296711942E0,1.085506678E0,-1.600465775E-1,1.036942974E-1,1.102130737E0
6.298924755E0,1.085506678E0,-1.600465775E-1,1.061377525E-1,1.102363314E0
6.301137567E0,1.085506678E0,-1.588248461E-1,1.061377525E-1,1.102186600E0
6.303350380E0,1.085506678E0,-1.551596522E-1,1.073594838E-1,1.101782793E0
6.305563192E0,1.083063245E0,-1.527161896E-1,1.049160287E-1,1.098797343E0
6.307776005E0,1.083063245E0,-1.466075480E-1,1.073594838E-1,1.098201177E0
6.309988817E0,1.079398036E0,-1.417206228E-1,1.085812151E-1,1.094063406E0
6.312201630E0,1.074511170E0,-1.380554438E-1,1.098029464E-1,1.088894048E0
6.314414442E0,1.067180753E0,-1.356119812E-1,1.159115955E-1,1.081989310E0
6.316627203E0,1.058628678E0,-1.404989064E-1,1.195767820E-1,1.074585142E0
6.318840015E0,1.047633052E0,-1.453858167E-1,1.232419685E-1,1.064828920E0
6.321052828E0,1.039080977E0,-1.527161896E-1,1.317940801E-1,1.058480605E0
6.323265640E0,1.024420261E0,-1.612683088E-1,1.391244531E-1,1.046326886E0
6.325478453E0,1.010981202E0,-1.759290546E-1,1.464548260E-1,1.036572737E0
6.327691265E0,9.963204265E-1,-1.881463528E-1,1.525634825E-1,1.025343386E0
6.329904078E0,9.828814268E-1,-2.052505612E-1,1.635590494E-1,1.017317676E0
6.332116890E0,9.657772183E-1,-2.186895907E-1,1.696676910E-1,1.004658100E0
6.334329703E0,9.498947263E-1,-2.345720828E-1,1.782197952E-1,9.945282039E-1
6.336542515E0,9.327905178E-1,-2.516762912E-1,1.855501831E-1,9.838028136E-1
6.338755328E0,9.169080257E-1,-2.675587833E-1,1.941022873E-1,9.746710871E-1
6.340968140E0,9.022472501E-1,-2.846629918E-1,2.014326602E-1,9.672942860E-1
6.343180901E0,8.863648176E-1,-3.029889166E-1,2.038761228E-1,9.586502736E-1
6.345393713E0,8.704823256E-1,-3.176496923E-1,2.087630332E-1,9.498540994E-1
6.347606526E0,8.521563411E-1,-3.286452591E-1,2.136499584E-1,9.379895739E-1
6.349819338E0,8.362739086E-1,-3.384190798E-1,2.148716897E-1,9.273895443E-1
6.352032151E0,8.203914165E-1,-3.469711840E-1,2.173151523E-1,9.168734669E-1
6.354244963E0,8.032872081E-1,-3.555232882E-1,2.222020626E-1,9.061130745E-1
6.356457776E0,7.886264324E-1,-3.579667509E-1,2.222020626E-1,8.941172190E-1
6.358670588E0,7.715222239E-1,-3.567450345E-1,2.222020626E-1,8.785711800E-1
6.360883401E0,7.568614483E-1,-3.543015718E-1,2.197586000E-1,8.640964634E-1
6.363096161E0,7.434224486E-1,-3.494146466E-1,2.185368687E-1,8.500152324E-1
6.365308973E0,7.312051654E-1,-3.433060050E-1,2.148716897E-1,8.358766954E-1
6.367521786E0,7.214313149E-1,-3.371973634E-1,2.087630332E-1,8.232540362E-1
6.369734598E0,7.141009569E-1,-3.323104382E-1,2.002109289E-1,8.126837146E-1
6.371947411E0,7.079922557E-1,-3.262017965E-1,1.904370934E-1,8.024505796E-1
6.374160223E0,7.018836141E-1,-3.225366175E-1,1.794415265E-1,7.930130760E-1
6.376372984E0,6.982184649E-1,-3.164279461E-1,1.684459597E-1,7.848628613E-1
6.378585848E0,6.933315396E-1,-3.103193045E-1,1.574503928E-1,7.757559673E-1
6.380798609E0,6.884446144E-1,-3.029889166E-1,1.464548260E-1,7.662945170E-1
6.383011421E0,6.835576892E-1,-2.968802750E-1,1.354592592E-1,7.574550964E-1
6.385224286E0,6.762273312E-1,-2.907716334E-1,1.244636998E-1,7.465405272E-1
6.387437046E0,6.701186895E-1,-2.858847082E-1,1.146898642E-1,7.375248398E-1
6.389649859E0,6.640099883E-1,-2.797760665E-1,1.024725661E-1,7.277942970E-1
6.391862671E0,6.579013467E-1,-2.761108875E-1,9.025526792E-2,7.191782933E-1
6.394075484E0,6.505709887E-1,-2.712239623E-1,7.925970852E-2,7.092863670E-1
6.396288296E0,6.432406306E-1,-2.663370371E-1,6.948586553E-2,6.996586394E-1
6.398501057E0,6.346884966E-1,-2.651153207E-1,6.093376130E-2,6.905277288E-1
6.400713869E0,6.273581386E-1,-2.638935745E-1,4.993819445E-2,6.824308580E-1
6.402931630E0,6.163625717E-1,-2.614501119E-1,4.260781780E-2,6.708758506E-1
6.405139494E0,6.065887213E-1,-2.651153207E-1,3.649916872E-2,6.629993962E-1
6.407352307E0,5.980366468E-1,-2.638935745E-1,2.916879393E-2,6.543229082E-1
6.409565171E0,5.858193040E-1,-2.687804997E-1,2.428187430E-2,6.449936615E-1
6.411777932E0,5.748237371E-1,-2.736674249E-1,2.183841541E-2,6.370189202E-1
6.413990744E0,5.638281703E-1,-2.809978127E-1,1.939495653E-2,6.302683085E-1
6.416203557E0,5.503891706E-1,-2.895499170E-1,2.061668597E-2,6.222478938E-1
6.418416369E0,5.332849622E-1,-2.981020212E-1,2.550360374E-2,6.114802529E-1
6.420629182E0,5.186241865E-1,-3.090975881E-1,3.161225095E-2,6.045756365E-1
6.422841994E0,5.015199780E-1,-3.188714087E-1,4.138609022E-2,5.957466510E-1
6.425054807E0,4.844157696E-1,-3.310887218E-1,4.993819445E-2,5.888736730E-1
6.427267567E0,4.660898149E-1,-3.408625424E-1,6.215549260E-2,5.807669874E-1
6.429480380E0,4.489856064E-1,-3.543015718E-1,7.315105945E-2,5.766010372E-1
6.431693192E0,4.331031144E-1,-3.652971387E-1,8.536835015E-2,5.729817296E-1
6.433906005E0,4.184423685E-1,-3.799578846E-1,9.880737960E-2,5.737812371E-1
6.436118817E0,4.037816226E-1,-3.958403766E-1,1.098029464E-1,5.760085847E-1
6.438331630E0,3.915643096E-1,-4.117228687E-1,1.232419685E-1,5.814008187E-1
6.440544442E0,3.830122054E-1,-4.239401519E-1,1.342375278E-1,5.868929338E-1
6.442757255E0,3.732383847E-1,-4.361574650E-1,1.452330947E-1,5.921426162E-1
6.444970067E0,3.659079969E-1,-4.459312856E-1,1.574503928E-1,5.979414686E-1
6.447182880E0,3.597993553E-1,-4.569268525E-1,1.696676910E-1,6.058257587E-1
6.449395640E0,3.524689674E-1,-4.654789567E-1,1.782197952E-1,6.104648455E-1
6.451608453E0,3.488037884E-1,-4.752528071E-1,1.855501831E-1,6.180276563E-1
6.453821265E0,3.463603258E-1,-4.850266278E-1,1.916588247E-1,6.260586315E-1
6.456034078E0,3.439168632E-1,-4.948004782E-1,1.965457499E-1,6.338269116E-1
6.458246890E0,3.426951468E-1,-5.057960153E-1,2.002109289E-1,6.429261145E-1
6.460459703E0,3.390299380E-1,-5.119046569E-1,2.014326602E-1,6.461909882E-1
6.462672515E0,3.390299380E-1,-5.241219997E-1,2.002109289E-1,6.555376309E-1
6.464885276E0,3.365865052E-1,-5.338957906E-1,1.977674663E-1,6.613978843E-1
6.467098140E0,3.365865052E-1,-5.400044918E-1,1.965457499E-1,6.659771456E-1
6.469310953E0,3.341430426E-1,-5.448913574E-1,1.904370934E-1,6.669516106E-1
6.471523713E0,3.292561173E-1,-5.510000587E-1,1.867718995E-1,6.685016065E-1
6.473736578E0,3.231474757E-1,-5.571087003E-1,1.794415265E-1,6.685758419E-1
6.475949338E0,3.182605505E-1,-5.644390583E-1,1.757763475E-1,6.714004415E-1
6.478162151E0,3.133736253E-1,-5.717694163E-1,1.733328849E-1,6.746610879E-1
6.480374963E0,3.084867001E-1,-5.803215504E-1,1.708894223E-1,6.790731482E-1
6.482587776E0,3.060432673E-1,-5.876519084E-1,1.672242284E-1,6.833455857E-1
6.484800588E0,3.035998046E-1,-5.925388336E-1,1.647807807E-1,6.858774062E-1
6.487013401E0,3.023780584E-1,-5.986474752E-1,1.598938555E-1,6.894761307E-1
6.489230484E0,2.999345958E-1,-6.084213257E-1,1.574503928E-1,6.963676454E-1
6.491438973E0,2.987128794E-1,-6.145299673E-1,1.525634825E-1,7.001086210E-1
6.493651786E0,2.999345958E-1,-6.194168925E-1,1.427896470E-1,7.028704943E-1
6.495864598E0,2.999345958E-1,-6.243038177E-1,1.366809905E-1,7.059728832E-1
6.498077411E0,2.974911332E-1,-6.291907430E-1,1.293506175E-1,7.078937404E-1
6.500290276E0,2.950477004E-1,-6.328558922E-1,1.220202371E-1,7.088361334E-1
6.502503036E0,2.926042378E-1,-6.377428174E-1,1.122464016E-1,7.105859524E-1
6.504715848E0,2.913824916E-1,-6.414080262E-1,1.049160287E-1,7.122607567E-1
6.506932567E0,2.913824916E-1,-6.450732350E-1,9.758564830E-2,7.145251526E-1
6.509141473E0,2.913824916E-1,-6.499601007E-1,8.903354406E-2,7.178292700E-1
6.511354286E0,2.877173126E-1,-6.536253095E-1,8.414662629E-2,7.190882782E-1
6.513567098E0,2.840521336E-1,-6.560688019E-1,7.925970852E-2,7.193010418E-1
6.515779859E0,2.803869247E-1,-6.597339511E-1,7.437278330E-2,7.206920457E-1
6.517992671E0,2.742782831E-1,-6.633991599E-1,7.315105945E-2,7.215802793E-1
6.520205536E0,2.669478953E-1,-6.670643687E-1,7.192932814E-2,7.220871686E-1
6.522418296E0,2.583957911E-1,-6.731730103E-1,7.437278330E-2,7.248872999E-1
6.524631109E0,2.461785078E-1,-6.805033684E-1,7.925970852E-2,7.279909295E-1
6.526843921E0,2.364046723E-1,-6.890554428E-1,8.659008145E-2,7.336091702E-1
6.529056734E0,2.241873741E-1,-7.012727857E-1,9.636391699E-2,7.425156585E-1
6.531269546E0,2.095266134E-1,-7.122683525E-1,1.049160287E-1,7.498232997E-1
6.533482359E0,1.936441362E-1,-7.244856358E-1,1.159115955E-1,7.588234221E-1
